model_id,model,source,scaler,encoder,bias_pre,tuning,bias_post,n_splits,eta,adversary_loss_weight,num_epochs,classifier_num_hidden_units,debias,mean_Accuracy,mean_Precision,mean_Recall,mean_F1-Score,mean_Demographic Parity Diff.,mean_Equal Opportunity Diff.,mean_Predictive Parity Diff.,mean_Average Predictive Value Diff.,mean_Average Odds Diff.,std_Accuracy,std_Precision,std_Recall,std_F1-Score,std_Demographic Parity Diff.,std_Equal Opportunity Diff.,std_Predictive Parity Diff.,std_Average Predictive Value Diff.,std_Average Odds Diff.
LG001,logistic_regression,classic,none,none,none,none,none,3,,,,,,0.7459885034735335,0.7822402782023343,0.8828546274898206,0.829453370977336,-0.0424139524139524,-0.0171422310997945,-0.058307903943051,-0.0049386819080031,-0.0168484709299322,0.0219120796108127,0.0120802019518062,0.0236543508872021,0.015815193684385,0.0351205873859533,0.0217637386708096,0.0352125627888198,0.0426356434046,0.0203267751576899
LG002,logistic_regression,classic,none,none,none,none,calibrate_equalized_odds,3,,,,,,0.7439924954895014,0.7678379167324726,0.9100302018756952,0.8326912098638016,-0.0815176715176715,-0.0482028371604006,-0.049249860030778,-0.0188969985265879,-0.0663568789937399,0.0066702897332752,0.0149531469976247,0.0184342431507165,0.0009729480380895,0.0432264803228256,0.0561494053359783,0.0595121203215927,0.0574752520105187,0.0698319552186973
LG003,logistic_regression,classic,none,none,none,none,reject_option_classification,3,,,,,,0.7339974705244167,0.864448616325963,0.7356969052248021,0.7946166902654243,0.0118236418236417,0.080554362710716,-0.0210867634298261,0.0726714160307771,0.0318009299507829,0.0063930269191768,0.0114410253594106,0.0239063456724842,0.0093706854083235,0.0173433579789074,0.0728021876961661,0.017286784929637,0.0800060965210725,0.0078060482061924
LG004,logistic_regression,classic,none,none,none,random,none,3,,,,,,0.7429855004705305,0.7724477244772446,0.8971302104349315,0.8301325370632302,-0.0042686042686042,0.0202028218639197,-0.0630142974370968,0.0265151240597911,0.0177839236654063,0.0219619270426626,0.013970254233211,0.014985229511567,0.0144569793169609,0.0348270268293516,0.0558288748933425,0.0612772247992123,0.0840020222066728,0.0117706099218657
LG005,logistic_regression,classic,none,none,none,random,calibrate_equalized_odds,3,,,,,,0.7359814904725085,0.7615055259800277,0.9071384028465572,0.8279081589342759,-0.0209106309106309,0.0134477713588691,-0.0534331753784224,0.0417417419383845,-0.0089729065582892,0.0171179456744927,0.0137410918963942,0.0131556420337973,0.0106470449651755,0.0599112246194098,0.0643543793507073,0.070153227594699,0.0582771698222331,0.0731092234920118
LG006,logistic_regression,classic,none,none,none,random,reject_option_classification,3,,,,,,0.7329784874695053,0.8576789339290688,0.7427766161671742,0.7951727331549518,-0.0264694064694064,0.0314781228046392,-0.023298301559538,0.0534365224459332,-0.0015987255615838,0.0213907119423662,0.0220743708987528,0.0488638547389727,0.022449567765472,0.0158630330342145,0.0638512150125444,0.0421898392997965,0.0885324522382,0.0263638765448433
RF001,random_forest,classic,none,none,none,none,none,3,,,,,,0.7660055264845683,0.7884519556872354,0.9099935194355796,0.8448501510541474,-0.0339114639114639,0.017046256207354,-0.0390047450679015,0.0531832084754288,-0.0209365513661523,0.0129303888704206,0.0107286878724727,0.0075418181001203,0.0079523984572125,0.0348317372111027,0.064355878866404,0.0388799395539333,0.104570400815262,0.0137626033036967
RF002,random_forest,classic,none,none,none,none,calibrate_equalized_odds,3,,,,,,0.7459944974915035,0.7620469314661914,0.9271609014098284,0.8364225792260198,-0.0843180243180243,-0.0073855619744641,-0.0141734340325593,0.0955278287222049,-0.0969731710694971,0.0230211255283759,0.0193412013843813,0.012692566016641,0.0130282089892008,0.0861605116612645,0.0724014467231578,0.0682602293382405,0.0627935931900434,0.1189889633739691
RF003,random_forest,classic,none,none,none,none,reject_option_classification,3,,,,,,0.7669795544047041,0.850874605047775,0.8099238227993594,0.8291510248891507,-0.0294097594097593,0.0002109739058876,-0.0579003207509453,0.0098917598508561,0.0121047610849779,0.0213963830548379,0.0209029325203967,0.0462298058805184,0.0197673966079326,0.016794685348536,0.0455002704754538,0.0362732344287221,0.0585312784555939,0.0127783615725411
RF004,random_forest,classic,none,none,none,random,none,3,,,,,,0.7570025114935294,0.8038185146904672,0.8685973857647676,0.833264637253999,-0.0293874293874293,0.0119812177458263,-0.0440710135829377,0.043823123722334,-0.0051417246490638,0.0078162247144425,0.0374357147404525,0.0559082096842013,0.0054565848087458,0.045078929614042,0.0478378843055389,0.030455499489291,0.0540706455339357,0.0244028917217607
RF005,random_forest,classic,none,none,none,random,calibrate_equalized_odds,3,,,,,,0.7550095005184826,0.7982302894745144,0.8757443478473522,0.8331408498639159,-0.0226922726922726,0.0094559652205738,-0.0542182466570001,0.029177348820041,0.0030159389433823,0.0101866086958416,0.0395079654298679,0.0648453033211994,0.0095387208121695,0.0311716170702764,0.0519563134516446,0.0524736583305107,0.0420233861055774,0.0350764105582452
RF006,random_forest,classic,none,none,none,random,reject_option_classification,3,,,,,,0.7299874725024426,0.8640555911837176,0.7299561033466612,0.7896954682296534,-0.029104559104559,0.0092626015637213,-0.0400833618819597,0.0276648801264133,0.0041842973452654,0.0347690223855971,0.0120725754447619,0.0716486687681725,0.03863220493808,0.0291185094708166,0.0277846151132599,0.0571341234733292,0.0248510566740225,0.0460589106290042
GB001,gradient_boosting,classic,none,none,none,none,none,3,,,,,,0.7570174965384546,0.7954811409009882,0.8785872369563358,0.8349180096905991,-0.0457661157661157,-0.0055254186815219,-0.044247352941011,0.021903889978416,-0.0270361237088457,0.0309847839001695,0.0154363288657133,0.0315343788436324,0.0222940628683274,0.0472962749660342,0.027141504128087,0.0352195943349,0.0590228411127508,0.0386760084407488
GB002,gradient_boosting,classic,none,none,none,none,calibrate_equalized_odds,3,,,,,,0.7380074685463907,0.7756343491685378,0.8814484672853773,0.8247061333694949,-0.0657961457961457,-0.0096920853481885,-0.0295162685786558,0.0479542913616941,-0.0650065538163726,0.007131087990524,0.0136543100527797,0.0363916074978362,0.0089328820754821,0.0681814100878964,0.0339417126828906,0.0623150771090074,0.0194063255827065,0.084492740050697
GB003,gradient_boosting,classic,none,none,none,none,reject_option_classification,3,,,,,,0.7239964515413617,0.8714688147799752,0.7185356369905728,0.7765938814551482,-0.0143533743533743,0.0147198631961337,-0.0622892934504124,0.0060787809183282,0.0236208093651821,0.0826397399260171,0.0407548247488821,0.175168730292105,0.0956463144123302,0.0484775740174445,0.0341124096487803,0.0137639456092513,0.0460098702407467,0.0280186921587295
GB004,gradient_boosting,classic,none,none,none,random,none,3,,,,,,0.7629935324546103,0.7833652384146061,0.9186383478228972,0.8445103631496328,-0.0425081025081024,0.0064372819023545,-0.0378632874715766,0.0624799958801856,-0.0257030965388779,0.0246683114102438,0.0365227665709085,0.0419625791112743,0.0119029949408493,0.0535094521675458,0.0347695213255744,0.0455664148493583,0.1009231136576836,0.0338792584573503
GB005,gradient_boosting,classic,none,none,none,random,calibrate_equalized_odds,3,,,,,,0.7509935084785383,0.7680068226120857,0.9272220388100216,0.8389581351721159,-0.0588197988197987,-0.0058733241582514,-0.0354962783938743,0.0565351723524936,-0.0522807152930394,0.01061918695047,0.0301458951342513,0.0491858998430729,0.0051557581935567,0.0374951216728215,0.0330919371862897,0.0653623216091438,0.0752264598023518,0.0449945482378071
GB006,gradient_boosting,classic,none,none,none,random,reject_option_classification,3,,,,,,0.7539995084905264,0.8468637825500571,0.7914358729809373,0.8171695904138794,0.0169626269626269,0.0338952632412092,-0.0797895129066894,0.0028947875939392,0.0648443574229552,0.0450470561666583,0.0061445360461015,0.0730955156773753,0.0408873651003904,0.0194023025949142,0.0642672580901049,0.0285968778445379,0.0590261114374951,0.0303367792112364
LG007,logistic_regression,classic,none,none,reweighing,none,none,3,,,,,,0.7469895044745344,0.7818363927220252,0.8857097440788428,0.8305235066311849,-0.0324796124796125,-0.0206792598804741,-0.0709436353114514,-0.023862131046039,-0.0003020447430224,0.0150633818804339,0.0095401397616798,0.0131666115974432,0.0103833426583703,0.0328277986255071,0.0249762589294106,0.0432491852996912,0.0559744170371433,0.0216073281268909
LG008,logistic_regression,classic,none,none,reweighing,none,calibrate_equalized_odds,3,,,,,,0.7409894924864985,0.7675648131772324,0.9043016274775932,0.8302071313638364,-0.0602643202643202,-0.039618653819868,-0.0613765556210939,-0.0239843461066152,-0.0391916419776407,0.0109031182756464,0.0150628035623742,0.0105584962749108,0.0043964781864572,0.03611300521557,0.0435492091340236,0.0589739935280553,0.0305441366289286,0.0571863476549537
LG009,logistic_regression,classic,none,none,reweighing,none,reject_option_classification,3,,,,,,0.7300054545563528,0.8610013621078618,0.732860129855838,0.7916136800757316,0.007088137088137,0.077400987914096,-0.0171016880398697,0.0747702063783832,0.0251206115722641,0.0055975142509974,0.0115758536902834,0.0172626156214099,0.0064734174584163,0.0079253552777241,0.0810051232059294,0.0157014007595052,0.0818516602904189,0.0188566912921799
LG010,logistic_regression,classic,none,none,reweighing,random,none,3,,,,,,0.7369854884824946,0.8004361362294942,0.839911717594121,0.8148720885904113,-0.024095284095284,-0.0107330477101449,-0.0715764922913071,-0.0101689213647434,0.0060182230753672,0.0271125770730458,0.0396058478057171,0.1141780449068958,0.0379874898437061,0.0179205242064191,0.0268041040284451,0.0372416485511338,0.0599826108853216,0.0176729342105664
LG011,logistic_regression,classic,none,none,reweighing,random,calibrate_equalized_odds,3,,,,,,0.7299814784844725,0.791420812934451,0.8456280645121846,0.811929845596782,-0.032113302113302,-0.0114274921545893,-0.0648172460056492,0.0021746098648006,-0.0101892142006184,0.0219712443657111,0.0483761855291212,0.1193502880373501,0.0354943417616928,0.0307069019687824,0.0433203450893192,0.0458804171311029,0.0466127179708267,0.0419691294280628
LG012,logistic_regression,classic,none,none,reweighing,random,reject_option_classification,3,,,,,,0.7289834744924565,0.8589373865573372,0.7342173801401269,0.7909874106521338,-0.006064386064386,0.0498309054730808,-0.0316223294409841,0.05404023827672,0.0198450394429042,0.0186844248574507,0.0211291357905514,0.0414809186671373,0.019458393207726,0.0095990148481643,0.0694095832188521,0.0334056427684445,0.0904800318792284,0.017313178897195
RF007,random_forest,classic,none,none,reweighing,none,none,3,,,,,,0.7580095065125004,0.7877068026190832,0.895742391450546,0.8381950756093203,-0.0313106113106113,0.0007843516158556,-0.0540193911823868,0.0155029859458783,-0.0081178059018398,0.0082328813268485,0.0022416568908962,0.0175704325127187,0.0071599309574847,0.0362976474540197,0.0680320482424198,0.0396496936107162,0.1168420592169227,0.0244106413026162
RF008,random_forest,classic,none,none,reweighing,none,calibrate_equalized_odds,3,,,,,,0.7399944855034676,0.7648369692704667,0.9100485430957532,0.8306261190734032,-0.0828398328398328,-0.019733325151821,-0.0252546437106509,0.0612330770050733,-0.085699770357051,0.0289254938420756,0.0293019192078849,0.0297390105946205,0.0159878022924866,0.0808410218675989,0.0815318141979396,0.0414722268065812,0.049953875391792,0.1012133024838392
RF009,random_forest,classic,none,none,reweighing,none,reject_option_classification,3,,,,,,0.7099584614554675,0.8686242379475368,0.6912989252045046,0.7677278956739118,0.0200973000973001,0.0424511586172093,-0.0771389186345032,0.0119298357338362,0.0629483264522937,0.0409279813047905,0.0202378189792953,0.080932048313267,0.0446971826777443,0.0221869296660083,0.05229215807682,0.040095541530144,0.0404316233681063,0.0425813409345154
RF010,random_forest,classic,none,none,reweighing,random,none,3,,,,,,0.7509785234336133,0.811728672586265,0.8456830881723585,0.8250169423592665,-0.0127715827715827,0.0275535983778433,-0.0487885072195795,0.0511711464956033,0.0151413899552249,0.0213635907331792,0.0408904428795552,0.0899925645216623,0.026490753582679,0.0459842998800596,0.0509577715850604,0.0273618250321269,0.0669104533285382,0.0262162649775776
RF011,random_forest,classic,none,none,reweighing,random,calibrate_equalized_odds,3,,,,,,0.7459855064645483,0.8044445342920068,0.8499688199259015,0.8228079865178451,0.0001059101059101,0.0290687498929948,-0.061454633632894,0.0439929701312392,0.0294859222345398,0.0154502158800424,0.0437028802839235,0.0941907565833155,0.0245136618180912,0.0274981360075281,0.0566985155094004,0.0507087575157864,0.0572135973157928,0.0284388137921681
RF012,random_forest,classic,none,none,reweighing,random,reject_option_classification,3,,,,,,0.7399944855034676,0.8549839806759741,0.7585561791570375,0.8011029564558313,-0.0179355579355579,0.024264195414929,-0.040853160927986,0.0303554363303313,0.014273408206714,0.0467908992157098,0.0134836348819591,0.0970080081030205,0.0494674769095015,0.0011444214058638,0.0554221838781789,0.0514645412892325,0.0642290436451106,0.032170108780302
GB007,gradient_boosting,classic,none,none,reweighing,none,none,3,,,,,,0.7610095125065185,0.7949898327805305,0.8871587004634215,0.8385238065951497,-0.0199124299124299,-0.0034430992663022,-0.0689475854143249,-0.0096060678394375,0.0143668832302134,0.0340447809004515,0.017917957158339,0.0315408214966004,0.0239791524578857,0.0421259944797311,0.020567789273935,0.0318346848301904,0.0599737529607792,0.0370973023461524
GB008,gradient_boosting,classic,none,none,reweighing,none,calibrate_equalized_odds,3,,,,,,0.7500074925224626,0.781865903024217,0.8914505459569838,0.8329125930635634,-0.0211964411964411,-0.0027078051486551,-0.0663486260660509,-0.0077408851873168,0.0057291539449509,0.0219996987344243,0.0046811361059565,0.0348364731390941,0.0174638696012651,0.0545108999423294,0.0325403404665305,0.046326855771563,0.0277104106125765,0.0541004725804069
GB009,gradient_boosting,classic,none,none,reweighing,none,reject_option_classification,3,,,,,,0.7190453926980873,0.8625826484363555,0.7129843610530305,0.7768066991718882,0.0062383362383362,0.0463542644624016,-0.0455837500340543,0.0285445796550407,0.0372045306711998,0.0668372167240137,0.0101132218112528,0.120259755164427,0.0671689623898442,0.030064190242577,0.0622057823328374,0.0406711150275514,0.0508682743822757,0.0231405032577993
GB010,gradient_boosting,classic,none,none,reweighing,random,none,3,,,,,,0.7530104955254656,0.7813000585398066,0.8985913942995488,0.8358327155213382,-0.0122582722582722,0.0010350086628602,-0.0714368941149959,-0.0048459347490589,0.0163070805393646,0.0270955622649414,0.0144479961280613,0.0246372701112389,0.0186696891063192,0.0149001325172118,0.0160353954772134,0.0656197730832523,0.0308442625724005,0.0121589510510734
GB011,gradient_boosting,classic,none,none,reweighing,random,calibrate_equalized_odds,3,,,,,,0.7430064795334257,0.7704085660259588,0.9014526246285902,0.8307112217610575,-0.0233786233786233,-0.0030685266906751,-0.0636927224338186,0.0028328710521523,-0.0037476480225518,0.0174437261759311,0.0058385251273505,0.0259445164141091,0.0133445491159382,0.0305587480061475,0.015993493772351,0.0819465975709176,0.0362055030742555,0.0528445027446551
GB012,gradient_boosting,classic,none,none,reweighing,random,reject_option_classification,3,,,,,,0.7569995144845444,0.8498476112825889,0.7928420331853809,0.8202354247301237,-0.0024287224287223,0.0122763959722822,-0.0764285764348087,-0.0037166040496016,0.0444195312866668,0.0240277032662317,0.0119417964446531,0.0293622788790099,0.019997120147989,0.0097170746239896,0.0257686907616136,0.0485591732643389,0.0291906683597632,0.0206638315421659
LG013,logistic_regression,classic,none,one-hot,none,none,none,3,,,,,,0.7460124795454136,0.7896248784046692,0.8685851582847292,0.8272242915216973,-0.0365597765597765,-0.0049322660599717,-0.0530900692094418,0.016973501014655,-0.0151364249355328,0.0150756466359017,0.0098556348877671,0.0105223788876153,0.0101348264065455,0.0330914955332311,0.0309519263545079,0.0305621940706038,0.0528289209910009,0.0332967679077305
LG014,logistic_regression,classic,none,one-hot,none,none,calibrate_equalized_odds,3,,,,,,0.7440194685703668,0.7740315325048149,0.895760732670604,0.8303478234097442,-0.0712136612136612,-0.036245397373103,-0.0466531350844557,-0.0035135286142821,-0.0581889700217385,0.0168602765129911,0.0028175790959829,0.0282386259051372,0.0137143601869099,0.0443034746513529,0.0641011217048442,0.0610679553053069,0.0680866293144842,0.0621008495158308
LG015,logistic_regression,classic,none,one-hot,none,none,reject_option_classification,3,,,,,,0.694991398584213,0.8733391608391607,0.6613660540699168,0.7515710884941367,-0.0117297017297017,0.0461203089973339,-0.0189638875320471,0.056400543774963,0.0073519821275803,0.0194971084639193,0.0235500282692654,0.0483623960141167,0.02525281694555,0.0291514756002078,0.0405929739558647,0.0352449922062827,0.0344675267993268,0.0167496256552382
LG016,logistic_regression,classic,none,one-hot,none,random,none,3,,,,,,0.7360294426162689,0.8024271404597884,0.8330276463323673,0.8134804402796371,-0.0097850297850297,0.0242296730819265,-0.0458338654255729,0.0217069080862749,0.0185242096699053,0.0295905629461861,0.0364791149476174,0.1041610859464838,0.036430941735542,0.0332577765952491,0.0408330134582527,0.0236066849487953,0.0795960427798691,0.0284890781299452
LG017,logistic_regression,classic,none,one-hot,none,random,calibrate_equalized_odds,3,,,,,,0.7320404236571901,0.77530401674806,0.871587004634215,0.8182972953685863,0.0345924245924245,0.0525756326778861,-0.0756973822608174,0.0084311781734207,0.0598594148068285,0.0350400992040194,0.0146305065228227,0.0964278325485589,0.0369802052983544,0.165346374543732,0.174974752719609,0.0776598222067708,0.0993661295334929,0.1914165709844483
LG018,logistic_regression,classic,none,one-hot,none,random,reject_option_classification,3,,,,,,0.6729843616071162,0.897386740803268,0.6027903109448174,0.7194338371173101,-0.0055981855981855,0.0518012202662373,-0.0157303323698084,0.0575177389721706,0.0167275049765854,0.0315800006174243,0.0207786507416947,0.0622113564570869,0.0410520977092402,0.0312123484441273,0.0800874672036148,0.0376140637613825,0.043176447330208,0.0510423410745212
RF013,random_forest,classic,none,one-hot,none,none,none,3,,,,,,0.7620045194895494,0.7817273122961658,0.9157343213137203,0.8433928348260107,-0.0434608034608034,-0.0137378677154719,-0.0554288329757487,-0.0048450504309451,-0.0211506936569535,0.0059674031346687,0.0023098847827927,0.0148729125726316,0.005334076633718,0.0171709345108089,0.0518495030547355,0.0414282331417836,0.0822301534786788,0.0155426281715869
RF014,random_forest,classic,none,one-hot,none,none,calibrate_equalized_odds,3,,,,,,0.7359844874814935,0.7509637194325158,0.93433231845249,0.8321240936152222,-0.1094822094822094,-0.0401898879174921,-0.0207856188317207,0.0332710399355521,-0.1197787607939617,0.0135178836942251,0.0242001746626926,0.02897647118847,0.0030530097992799,0.0810941119402846,0.0717083198079488,0.083273567503314,0.0276294533052984,0.1235069921762244
RF015,random_forest,classic,none,one-hot,none,none,reject_option_classification,3,,,,,,0.7059904215592838,0.8734124817712662,0.6785273223041464,0.7633396875549421,-0.0112795312795312,0.0006868821589986,-0.0783584290861181,-0.0077040768645797,0.0374044344933752,0.0240015398608579,0.0179707742861879,0.0356668466596234,0.023851442277089,0.0470004137721869,0.0494179363806709,0.0243166217834062,0.0687776983276025,0.0453459142086565
RF016,random_forest,classic,none,one-hot,none,random,none,3,,,,,,0.7479935024845205,0.7697519188078309,0.9200995316875143,0.8361538105215148,-0.0265152565152565,0.0020465603827881,-0.0536205775913602,-0.0144964555091113,-0.0057230884183022,0.0106219359760668,0.0386679249032503,0.0664748223066648,0.006106290705751,0.0378991278039487,0.0185331054849555,0.0460753065420586,0.1084374016408148,0.0367359411319343
RF017,random_forest,classic,none,one-hot,none,random,calibrate_equalized_odds,3,,,,,,0.7379894864924804,0.7552480174156431,0.9358301847572232,0.8333103764921947,-0.0541459641459641,-0.0127261668899391,-0.0455290611734504,0.1068104963051231,-0.0473602701939832,0.0285194770322233,0.0469218272258453,0.0718478975605333,0.0131613594422704,0.0277817768062586,0.0456981597013198,0.0584590077497395,0.1839022147999671,0.0594434372858131
RF018,random_forest,classic,none,one-hot,none,random,reject_option_classification,3,,,,,,0.7449904994815174,0.8491285664718285,0.7742318085665726,0.8075954262450648,-0.041007091007091,-0.0239302444686381,-0.0655554271757808,-0.0090390318386452,0.0033081444996031,0.0472681275701486,0.0145141850117101,0.0918469724903577,0.0482747779738099,0.0052983823241798,0.0456645853782942,0.0344543705185309,0.055010945583717,0.0211264792348254
GB013,gradient_boosting,classic,none,one-hot,none,none,none,3,,,,,,0.7410254565943188,0.7772933592676275,0.8828851961899172,0.8267225418579094,-0.0154026054026054,-0.026087807834661,-0.0898200226035684,-0.0529573937721105,0.0215520090769363,0.0326064775166456,0.018356929309848,0.0273809619502871,0.0223415496634088,0.0631314577409885,0.0568055257672651,0.0617811811736103,0.0415164368772771,0.050820164746106
GB014,gradient_boosting,classic,none,one-hot,none,none,calibrate_equalized_odds,3,,,,,,0.719009428590267,0.7535055640087185,0.8914627734370223,0.8161156513949374,-0.047114317114317,-0.0309489189457721,-0.0657361623002052,0.0024584859320102,-0.035582847553888,0.0101363624619576,0.018953979350922,0.0382885712167867,0.0080237593419265,0.1368815386814497,0.0713816778358472,0.1029141079616588,0.0959814126610427,0.1808347424281489
GB015,gradient_boosting,classic,none,one-hot,none,none,reject_option_classification,3,,,,,,0.709005412598227,0.8467829776698089,0.7128437450325862,0.7730963902513105,-0.0139363839363838,-0.0014417196359942,-0.073857264483048,-0.0060244996836708,0.0281897025861431,0.0482761544233017,0.0173031969395261,0.0691481810129063,0.0460886768737724,0.0200720147465781,0.057385763471098,0.0472205327068599,0.0477474477033026,0.028648407289427
GB016,gradient_boosting,classic,none,one-hot,none,random,none,3,,,,,,0.7500224775673878,0.7785422860533614,0.8986097355196069,0.8342299745744085,-0.0208149408149408,-0.0203845728254228,-0.0811341459411953,-0.0397514739608748,0.0148753792451218,0.0396429672485548,0.0249566785349212,0.0302039968659685,0.026290238289803,0.0277705596914502,0.0171169759123572,0.0405382791540769,0.0523292516313273,0.0230907417065313
GB017,gradient_boosting,classic,none,one-hot,none,random,calibrate_equalized_odds,3,,,,,,0.7340154525783268,0.7554495563420014,0.9172077326583764,0.8281682430583012,-0.068064498064498,-0.0468997243405743,-0.0596802031122427,-0.043813711340742,-0.053592964784232,0.017982632323629,0.0084844168771614,0.0402545115461417,0.0153813641368994,0.0520378076305952,0.0347174600445229,0.074818441902138,0.0359441187407941,0.0778730755413442
GB018,gradient_boosting,classic,none,one-hot,none,random,reject_option_classification,3,,,,,,0.7179904455353556,0.8656551436604941,0.7071090568944647,0.7760289040465613,-0.0047213647213647,0.0333199857504158,-0.0493744514716969,0.0274597369625042,0.028580221216046,0.0531999682872834,0.0057169403040608,0.0924285963024827,0.056480797094549,0.0270631295598648,0.0180499662240563,0.0400954551013623,0.0200146055107045,0.0133864380109063
LG019,logistic_regression,classic,none,one-hot,reweighing,none,none,3,,,,,,0.7420054785324247,0.7870235788113695,0.8657178142156683,0.8244966498744742,-0.0317682717682717,-0.0073737808774903,-0.0600189710405324,0.0061654706741128,-0.0065948733459898,0.0129150753277941,0.0085736080555586,0.0088461994268704,0.0086816509208354,0.0377632398928633,0.0182933859277002,0.0275415102475183,0.0527036057306246,0.0379723061077736
LG020,logistic_regression,classic,none,one-hot,reweighing,none,calibrate_equalized_odds,3,,,,,,0.7360054665443888,0.7725099635215905,0.8828729687098785,0.8239784534965259,-0.0471113071113071,-0.0167803465340559,-0.0532400016730386,0.0110159742994557,-0.0311750456865058,0.0056062784181011,0.0011984651496591,0.0128733416177057,0.0050787790575071,0.0292865677300711,0.0495793676228913,0.0528839888837371,0.0518816369621114,0.0452852467101978
LG021,logistic_regression,classic,none,one-hot,reweighing,none,reject_option_classification,3,,,,,,0.7039944135752519,0.8665080468947872,0.6828191677977085,0.763450716039214,-0.0317405517405517,0.0297660975112766,-0.0089065608465311,0.0600512755915579,-0.0133905337513537,0.0089313366902682,0.0179931725221969,0.0230211563262214,0.0101487565493052,0.0190495665072149,0.0410791316777771,0.0285729473597726,0.040500105643401,0.0189548752304666
LG022,logistic_regression,classic,none,one-hot,reweighing,random,none,3,,,,,,0.7410044775314236,0.7727495130129919,0.8928995023415625,0.8281912631527198,-0.0014442414442414,0.0079811178275292,-0.0733233111658101,-0.010901073572323,0.0291966315989839,0.0140588499962539,0.0090223427882408,0.0348800500624741,0.012582671469038,0.0641220955981241,0.029510435017164,0.0417471281250444,0.0935302171474012,0.0680031286706957
LG023,logistic_regression,classic,none,one-hot,reweighing,random,calibrate_equalized_odds,3,,,,,,0.7340034645423866,0.7620004255691989,0.9029015810131692,0.8259100296548141,-0.0039667639667639,0.0086755622719737,-0.0715257097052333,-0.014451527291289,0.0193288000577653,0.0067137469870483,0.013047829140119,0.0436416834481994,0.0102667385270107,0.0430743426619482,0.0516330972118331,0.0434941421236987,0.0913953604883692,0.0343715663387441
LG024,logistic_regression,classic,none,one-hot,reweighing,random,reject_option_classification,3,,,,,,0.7150024275772778,0.859507798246785,0.7142804739371263,0.7762449140145788,0.0084093184093183,0.0551740925467966,-0.0390588891314741,0.0416540924384555,0.0352317277526926,0.025611956230134,0.0423214118916706,0.0901847246167865,0.0375884448677489,0.0361952430805241,0.0421419583993157,0.0188233968091066,0.0546355504502804,0.0208116114396457
RF019,random_forest,classic,none,one-hot,reweighing,none,none,3,,,,,,0.7590135045224865,0.7767897591219146,0.9200261668072828,0.84229365045263,-0.0346841246841247,-0.0144957960639489,-0.0633097922891555,-0.0146455275611413,-0.009447852101346,0.0167650686926475,0.0040175473153035,0.0249926319539494,0.0126926746989366,0.039427128488449,0.0307935543678534,0.0466722491370586,0.0956339085740808,0.0608103006089457
RF020,random_forest,classic,none,one-hot,reweighing,none,calibrate_equalized_odds,3,,,,,,0.7309914705124285,0.7458306751727805,0.9357629336170108,0.8296283169173407,-0.098010528010528,-0.0368442809124337,-0.0271825374233292,0.0297562828595711,-0.1068422908790246,0.0073867529180992,0.0186345244727229,0.0298018827304169,0.0007953678336013,0.0576296291142384,0.0567608396662772,0.0718701325481812,0.0353394069508682,0.0878400802585836
RF021,random_forest,classic,none,one-hot,reweighing,none,reject_option_classification,3,,,,,,0.7299904695114275,0.8512429764782282,0.7456500739762543,0.7942125351296703,-0.0227384027384027,0.0059925051453713,-0.0571108659518435,0.0149239117534229,0.014134224899482,0.0133638875523967,0.023149189911936,0.0389854026215105,0.0150382073834484,0.0339369530981439,0.0485101605780989,0.0110969033952903,0.0628509629112526,0.0220185352603233
RF022,random_forest,classic,none,one-hot,reweighing,random,none,3,,,,,,0.7560105015194836,0.7664170114674637,0.9371813213014928,0.843062368852312,-0.0178639478639478,0.0021428475199071,-0.0645080636843731,-0.0001640847522395,0.0033540119508609,0.0117929683529169,0.0027383296798299,0.030277332533375,0.010531544481166,0.0333163354275346,0.0160145663374818,0.0505727367420141,0.0760660246987813,0.0364844297394934
RF023,random_forest,classic,none,one-hot,reweighing,random,calibrate_equalized_odds,3,,,,,,0.7440044835254417,0.751159844109227,0.9500568577821796,0.8385432686544809,-0.0522383222383222,-0.0161021019750423,-0.0499973277751055,-0.0005923197443665,-0.0471468327514213,0.0169667857335893,0.0184825566206351,0.0347343728197193,0.0106979181135134,0.0142047562428469,0.0222674075621566,0.0623782749850335,0.0369762540684999,0.0376085965225908
RF024,random_forest,classic,none,one-hot,reweighing,random,reject_option_classification,3,,,,,,0.7409924894954836,0.8464588757520314,0.7713828057175697,0.8039104725845473,-0.0229877429877429,0.0006916184546849,-0.0628093854117143,0.0018082937919731,0.0170441557247219,0.0529535318780342,0.0160449494154458,0.1066752689245577,0.0551437974393965,0.0179517523455428,0.0582947859310531,0.0329497526150971,0.0694471146324627,0.0091462151398089
GB019,gradient_boosting,classic,none,one-hot,reweighing,none,none,3,,,,,,0.7430334526142909,0.7792411016595526,0.8828974236699558,0.8278286956206174,-0.0034339234339234,-0.0127250880670328,-0.0903011095562517,-0.0391554326559463,0.0334666924518062,0.0357937337663995,0.0202856369769182,0.0298496881067747,0.0245660735156845,0.0591816389891196,0.0517114285369905,0.0509210991753782,0.0462987037070318,0.0456747869056695
GB020,gradient_boosting,classic,none,one-hot,reweighing,none,calibrate_equalized_odds,3,,,,,,0.728027428626231,0.7610867446393762,0.8914811146570804,0.8208345032996256,-0.0197329497329497,-0.0182397939493857,-0.0787655380569251,-0.0339828850015211,0.0028867588654685,0.0239429567874741,0.0118349770452047,0.0409598388729451,0.0188923916502528,0.1104894778903264,0.0733610928135868,0.0798310211635136,0.0362346226989744,0.1289720484448301
GB021,gradient_boosting,classic,none,one-hot,reweighing,none,reject_option_classification,3,,,,,,0.6940323557090023,0.8626873328657214,0.6686414046929068,0.751549511918018,0.0143561743561743,0.056274674346342,-0.0432328999976059,0.0361432297247573,0.042613584476797,0.0595561895068475,0.0096496231706857,0.0900208051026168,0.0593639461827982,0.0081196474100838,0.0646384281426166,0.0477337037827969,0.0672763937068905,0.0357835056875353
GB022,gradient_boosting,classic,none,one-hot,reweighing,random,none,3,,,,,,0.7540264815713917,0.7802564651619064,0.9028954672731496,0.8370762972824557,-0.0374307874307874,-0.0264909051896048,-0.0703646500056308,-0.0257152561239818,-0.0093278160537067,0.0282621749936671,0.0167197306230648,0.0241083901743418,0.0191172884308787,0.0405240496181965,0.0259639085922216,0.0487919071637841,0.0331310652961089,0.0271081608052362
GB023,gradient_boosting,classic,none,one-hot,reweighing,random,calibrate_equalized_odds,3,,,,,,0.7400214585843329,0.7612697791688401,0.9157710037538364,0.8312237188886024,-0.0702043302043302,-0.0448621173108169,-0.0553428784400757,-0.0234367074485414,-0.0586860105512771,0.019530111093418,0.0056077519884428,0.034383484172604,0.0156935995879063,0.0563001026006413,0.0181794142569266,0.080777900072736,0.0326326843025574,0.0820762649835125
GB024,gradient_boosting,classic,none,one-hot,reweighing,random,reject_option_classification,3,,,,,,0.751035466604329,0.8525656891150136,0.7801071127251386,0.8134764661013146,-0.0133703633703633,0.0036781160124403,-0.0673791425698531,-0.0051228223979806,0.033469779855256,0.0451064439778557,0.0292183268968469,0.067744971603577,0.039613247717662,0.0434246390461586,0.0410204359656062,0.0207518921261485,0.0459764727280895,0.0265566281500415
LG025,logistic_regression,classic,none,label,none,none,none,3,,,,,,0.7419964875054695,0.7797125483692647,0.8800056246408178,0.826790454587492,-0.0378661178661179,-0.0201698449666578,-0.0653313457023968,-0.0133942877191039,-0.0098992520191835,0.016794300557339,0.0083635552116915,0.0196119908216442,0.0123469156661597,0.0189244743388105,0.0259368580280314,0.0344708867309586,0.0562598596421616,0.0134926617767893
LG026,logistic_regression,classic,none,label,none,none,calibrate_equalized_odds,3,,,,,,0.7369974765184346,0.7632482885178505,0.9057505838621718,0.828190753945341,-0.0784713384713385,-0.0492102490070619,-0.0528171968367478,-0.0217733901175782,-0.0635011900530991,0.0037140269848537,0.0125085274889723,0.0220045827257995,0.0027240790671543,0.0515772424932162,0.0705741619353585,0.0590340422204608,0.0722896158944619,0.0736619762508645
LG027,logistic_regression,classic,none,label,none,none,reject_option_classification,3,,,,,,0.7370124615633599,0.8588468875660578,0.7471785089810842,0.7989900327639375,0.0015021315021315,0.0768525371529067,-0.0106635076696697,0.08129779571742,0.0169610815321713,0.0108959821854721,0.0036010024083292,0.0216127783173036,0.0112468098286044,0.0446239331799039,0.0822737619707294,0.0329081415398285,0.0695735626647538,0.0600895193763744
LG028,logistic_regression,classic,none,label,none,random,none,3,,,,,,0.7270054485623348,0.8263409963052085,0.7800765440250418,0.7978496747409571,-0.0086737086737086,0.0256158622822742,-0.05237934648361,0.0171672987335879,0.023431849515849,0.024483031959787,0.0415455664780062,0.1090748599362624,0.0348953971674173,0.0128521021246678,0.1028703728813121,0.0210946784699375,0.1100923075074747,0.0131371660276462
LG029,logistic_regression,classic,none,label,none,random,calibrate_equalized_odds,3,,,,,,0.7040333746920573,0.7890982855647167,0.7971889023391169,0.7884808888938427,0.08997493997494,0.0693658622822742,-0.1117540587069386,0.0029561330981141,0.1294466344620855,0.0325707419065358,0.0496059110001756,0.1087921250138897,0.0356162494448905,0.2321931868525982,0.1942699483982807,0.1133605904005881,0.0568697805642642,0.2709984937664936
LG030,logistic_regression,classic,none,label,none,random,reject_option_classification,3,,,,,,0.7279734824645004,0.8633756737325732,0.7270643043175231,0.7885878304012106,-0.0071997171997172,0.0599118214010958,-0.0182817973538469,0.0679389243687804,0.0140966183603004,0.0246687456116576,0.0191316005132292,0.0478131334254541,0.0249737708165844,0.0180796388030472,0.0855068353754106,0.0393984287612378,0.0885498023613084,0.0121847162397067
RF025,random_forest,classic,none,label,none,none,none,3,,,,,,0.7660055264845683,0.7884519556872354,0.9099935194355796,0.8448501510541474,-0.0339114639114639,0.017046256207354,-0.0390047450679015,0.0531832084754288,-0.0209365513661523,0.0129303888704206,0.0107286878724727,0.0075418181001203,0.0079523984572125,0.0348317372111027,0.064355878866404,0.0388799395539333,0.104570400815262,0.0137626033036967
RF026,random_forest,classic,none,label,none,none,calibrate_equalized_odds,3,,,,,,0.7459944974915035,0.7620469314661914,0.9271609014098284,0.8364225792260198,-0.0843180243180243,-0.0073855619744641,-0.0141734340325593,0.0955278287222049,-0.0969731710694971,0.0230211255283759,0.0193412013843813,0.012692566016641,0.0130282089892008,0.0861605116612645,0.0724014467231578,0.0682602293382405,0.0627935931900434,0.1189889633739691
RF027,random_forest,classic,none,label,none,none,reject_option_classification,3,,,,,,0.7679775583967201,0.851097505497005,0.8113483242238608,0.8299559784495223,-0.026076426076426,0.0057665294614432,-0.0568651240635748,0.0148896449328926,0.0148825388627557,0.0228474856583154,0.0207023890698865,0.0486945898371968,0.0210787136443604,0.0126120986738888,0.0546178154400126,0.0354540120016395,0.0667958783584187,0.0136869899626105
RF028,random_forest,classic,none,label,none,random,none,3,,,,,,0.7570025114935294,0.8038185146904672,0.8685973857647676,0.833264637253999,-0.0293874293874293,0.0119812177458263,-0.0440710135829377,0.043823123722334,-0.0051417246490638,0.0078162247144425,0.0374357147404525,0.0559082096842013,0.0054565848087458,0.045078929614042,0.0478378843055389,0.030455499489291,0.0540706455339357,0.0244028917217607
RF029,random_forest,classic,none,label,none,random,calibrate_equalized_odds,3,,,,,,0.7550095005184826,0.7982302894745144,0.8757443478473522,0.8331408498639159,-0.0226922726922726,0.0094559652205738,-0.0542182466570001,0.029177348820041,0.0030159389433823,0.0101866086958416,0.0395079654298679,0.0648453033211994,0.0095387208121695,0.0311716170702764,0.0519563134516446,0.0524736583305107,0.0420233861055774,0.0350764105582452
RF030,random_forest,classic,none,label,none,random,reject_option_classification,3,,,,,,0.7299874725024426,0.8640555911837176,0.7299561033466612,0.7896954682296534,-0.029104559104559,0.0092626015637213,-0.0400833618819597,0.0276648801264133,0.0041842973452654,0.0347690223855971,0.0120725754447619,0.0716486687681725,0.03863220493808,0.0291185094708166,0.0277846151132599,0.0571341234733292,0.0248510566740225,0.0460589106290042
GB025,gradient_boosting,classic,none,label,none,none,none,3,,,,,,0.7570174965384546,0.7954811409009882,0.8785872369563358,0.8349180096905991,-0.0457661157661157,-0.0055254186815219,-0.044247352941011,0.021903889978416,-0.0270361237088457,0.0309847839001695,0.0154363288657133,0.0315343788436324,0.0222940628683274,0.0472962749660342,0.027141504128087,0.0352195943349,0.0590228411127508,0.0386760084407488
GB026,gradient_boosting,classic,none,label,none,none,calibrate_equalized_odds,3,,,,,,0.7380074685463907,0.7756343491685378,0.8814484672853773,0.8247061333694949,-0.0657961457961457,-0.0096920853481885,-0.0295162685786558,0.0479542913616941,-0.0650065538163726,0.007131087990524,0.0136543100527797,0.0363916074978362,0.0089328820754821,0.0681814100878964,0.0339417126828906,0.0623150771090074,0.0194063255827065,0.084492740050697
GB027,gradient_boosting,classic,none,label,none,none,reject_option_classification,3,,,,,,0.7239964515413617,0.8714688147799752,0.7185356369905728,0.7765938814551482,-0.0143533743533743,0.0147198631961337,-0.0622892934504124,0.0060787809183282,0.0236208093651821,0.0826397399260171,0.0407548247488821,0.175168730292105,0.0956463144123302,0.0484775740174445,0.0341124096487803,0.0137639456092513,0.0460098702407467,0.0280186921587295
GB028,gradient_boosting,classic,none,label,none,random,none,3,,,,,,0.7619955284625943,0.7814777751443276,0.9200628492473988,0.8441526368243553,-0.0467816067816067,0.004521573090094,-0.0351898048932817,0.0648379789993984,-0.0322165065005637,0.0243341265589009,0.0343251758337601,0.0395823175623107,0.0120655698475047,0.0606747400843652,0.0360077861261721,0.0432771546616529,0.1008395518582846,0.0444978663851015
GB029,gradient_boosting,classic,none,label,none,random,calibrate_equalized_odds,3,,,,,,0.7509935084785383,0.7672286124953542,0.9286465402345232,0.8391830423978853,-0.0664266364266363,-0.0077890329705119,-0.0294320811572592,0.0622305489256613,-0.0629607919213919,0.01061918695047,0.0289119280483617,0.0467811085930051,0.0048608966318363,0.0406598104877952,0.0333461653821877,0.0552868276030038,0.071476186090041,0.0326971070888416
GB030,gradient_boosting,classic,none,label,none,random,reject_option_classification,3,,,,,,0.7549975124825424,0.8470913526701004,0.7928603744054388,0.8180433688486334,0.0155381255381255,0.0319795544289486,-0.0800430550394262,0.0017642817003066,0.063886503016825,0.0450965285852076,0.0064277596633532,0.0729876686461441,0.0409348427885138,0.017690164839533,0.0609519216740936,0.0289963942235229,0.0570709561003684,0.0286786250533659
LG031,logistic_regression,classic,none,label,reweighing,none,none,3,,,,,,0.7429944914974854,0.7792849370278824,0.8828546274898206,0.8278289724554785,-0.0322262822262822,-0.0167433490480115,-0.06766116650021,-0.0142745114989113,-0.0040193373931937,0.0143308320569331,0.0072118119898445,0.0150986567801211,0.0103710464453863,0.0304856762810748,0.0283884539172593,0.0440435408813367,0.0479534052456129,0.0136879098799062
LG032,logistic_regression,classic,none,label,reweighing,none,calibrate_equalized_odds,3,,,,,,0.7379954805104506,0.7659539698618261,0.901446510888571,0.8280906972824887,-0.0585094885094885,-0.0356827429874055,-0.059338800262164,-0.0158035388967997,-0.0402207625848012,0.0049332916370915,0.0104080683033177,0.0126378503959949,0.0007974636742322,0.0458430964433204,0.0458714899827716,0.0629961871638309,0.0263906352068714,0.0669981114777455
LG033,logistic_regression,classic,none,label,reweighing,none,reject_option_classification,3,,,,,,0.7290014565463668,0.8619739564696548,0.7299988995267966,0.7903489954368883,0.0114386414386414,0.0815045232676314,-0.0185299343353512,0.074907035397384,0.0299501570268096,0.0032571724739199,0.0106275592661762,0.017180339388879,0.0057513762025426,0.0078887403043886,0.077916721218874,0.0183801353012926,0.0771891195071115,0.0218815573162964
LG034,logistic_regression,classic,none,label,reweighing,random,none,3,,,,,,0.7300054545563528,0.7916381677266883,0.8458787278529768,0.813009413661225,0.0115829815829815,0.0498555973612588,-0.0458159566776181,0.0407297855349894,0.0368107083859352,0.0129074618469626,0.0554761712039695,0.0998954057956174,0.0229058219709525,0.0232420289425424,0.072742452970078,0.0538609410301739,0.1292370490804985,0.0235143977713275
LG035,logistic_regression,classic,none,label,reweighing,random,calibrate_equalized_odds,3,,,,,,0.7160393926860994,0.7585984622968774,0.8729992785786779,0.8101563920712858,0.1082519582519582,0.0870399407956022,-0.1097760414679323,0.0082754883972848,0.145737148452803,0.0346397155982994,0.0089626472582857,0.0861652019440956,0.0347403626514307,0.2072469863371992,0.1729083285672038,0.1259118769239103,0.1040469764200877,0.2493767790994073
LG036,logistic_regression,classic,none,label,reweighing,random,reject_option_classification,3,,,,,,0.7319864774954595,0.8678034707487723,0.7285254881821405,0.791739855470016,-9.870009870035131e-06,0.0635528206430078,-0.0240381148724823,0.0631023513773351,0.024017824984857,0.0139106529595316,0.0167995282472815,0.0281786409441078,0.0139134829294433,0.0137269048432756,0.0704270534466039,0.0234449080268954,0.08264241724998,0.0024020324701676
RF031,random_forest,classic,none,label,reweighing,none,none,3,,,,,,0.7580095065125004,0.7877068026190832,0.895742391450546,0.8381950756093203,-0.0313106113106113,0.0007843516158556,-0.0540193911823868,0.0155029859458783,-0.0081178059018398,0.0082328813268485,0.0022416568908962,0.0175704325127187,0.0071599309574847,0.0362976474540197,0.0680320482424198,0.0396496936107162,0.1168420592169227,0.0244106413026162
RF032,random_forest,classic,none,label,reweighing,none,calibrate_equalized_odds,3,,,,,,0.7409954865044686,0.7657695565339893,0.9100485430957532,0.8311790585711201,-0.0814153314153314,-0.019733325151821,-0.0265706805596827,0.0591986822041811,-0.083284311419853,0.0302833524405552,0.0299569178297514,0.0297390105946205,0.0168753353901444,0.0823154677330038,0.0815318141979396,0.0403166631811635,0.0528843669125808,0.1032043195238579
RF033,random_forest,classic,none,label,reweighing,none,reject_option_classification,3,,,,,,0.7109564654474833,0.8698879988132324,0.6912989252045046,0.7682873960057838,0.0214448014448015,0.042388027304078,-0.079011010968426,0.009960491791171,0.0656945385735058,0.0439170464386237,0.0190740114098749,0.0820621460942077,0.046988614436587,0.0183981896748465,0.0489873383584418,0.0434509520078013,0.0367747169932455,0.0432693165812192
RF034,random_forest,classic,none,label,reweighing,random,none,3,,,,,,0.7379745014475554,0.7900726367858474,0.8656566768154751,0.8209929471122752,-0.0186379386379386,0.0146046361388202,-0.0539715517686817,0.0455401298769454,0.0058384843382847,0.0225371403112932,0.0577487467702582,0.1047081688978039,0.0245257166876634,0.0537674323870861,0.0388222489123971,0.0269014538755181,0.0615684684915894,0.0435211524451247
RF035,random_forest,classic,none,label,reweighing,random,calibrate_equalized_odds,3,,,,,,0.7359784934635235,0.7881338813388133,0.8656566768154751,0.8198801519361374,-0.0119712719712719,0.0146046361388202,-0.0602693475401617,0.0398659794659529,0.014171817671618,0.019162173526129,0.0579451781301741,0.1047081688978039,0.02306404481013,0.0458399650508755,0.0388222489123971,0.034247119129758,0.0543367402609966,0.0309499388793773
RF036,random_forest,classic,none,label,reweighing,random,reject_option_classification,3,,,,,,0.7519885154615693,0.8549068118093354,0.7785542227602313,0.8132678325981999,-0.012113232113232,0.018368524711956,-0.0569847360433862,0.016537844052157,0.0285376657335196,0.0388328171989334,0.010716412671525,0.0779541820913003,0.0394019733721945,0.0328096611419845,0.0727461650010787,0.0587819285472524,0.0527977694427454,0.0654677003066868
GB031,gradient_boosting,classic,none,label,reweighing,none,none,3,,,,,,0.7610095125065185,0.7949898327805305,0.8871587004634215,0.8385238065951497,-0.0199124299124299,-0.0034430992663022,-0.0689475854143249,-0.0096060678394375,0.0143668832302134,0.0340447809004515,0.017917957158339,0.0315408214966004,0.0239791524578857,0.0421259944797311,0.020567789273935,0.0318346848301904,0.0599737529607792,0.0370973023461524
GB032,gradient_boosting,classic,none,label,reweighing,none,calibrate_equalized_odds,3,,,,,,0.7500074925224626,0.781865903024217,0.8914505459569838,0.8329125930635634,-0.0211964411964411,-0.0027078051486551,-0.0663486260660509,-0.0077408851873168,0.0057291539449509,0.0219996987344243,0.0046811361059565,0.0348364731390941,0.0174638696012651,0.0545108999423294,0.0325403404665305,0.046326855771563,0.0277104106125765,0.0541004725804069
GB033,gradient_boosting,classic,none,label,reweighing,none,reject_option_classification,3,,,,,,0.7190453926980873,0.8625826484363555,0.7129843610530305,0.7768066991718882,0.0062383362383362,0.0463542644624016,-0.0455837500340543,0.0285445796550407,0.0372045306711998,0.0668372167240137,0.0101132218112528,0.120259755164427,0.0671689623898442,0.030064190242577,0.0622057823328374,0.0406711150275514,0.0508682743822757,0.0231405032577993
GB034,gradient_boosting,classic,none,label,reweighing,random,none,3,,,,,,0.7530104955254656,0.7813000585398066,0.8985913942995488,0.8358327155213382,-0.0122582722582722,0.0010350086628602,-0.0714368941149959,-0.0048459347490589,0.0163070805393646,0.0270955622649414,0.0144479961280613,0.0246372701112389,0.0186696891063192,0.0149001325172118,0.0160353954772134,0.0656197730832523,0.0308442625724005,0.0121589510510734
GB035,gradient_boosting,classic,none,label,reweighing,random,calibrate_equalized_odds,3,,,,,,0.7440074805344267,0.7706979806848112,0.9028832397931112,0.8314891566974083,-0.0248031248031247,-0.0050887287108771,-0.0641017538474312,0.0004135159212043,-0.0047577490326528,0.0163529652473874,0.0053511204289234,0.0249657693421041,0.0125788968282821,0.0295783952436918,0.0132452371659854,0.0814856963514873,0.0330050448703922,0.0531530469628763
GB036,gradient_boosting,classic,none,label,reweighing,random,reject_option_classification,3,,,,,,0.7569995144845444,0.8498476112825889,0.7928420331853809,0.8202354247301237,-0.0072202272202271,0.0053542331677664,-0.0777043749456302,-0.0079039629490991,0.0409584498844089,0.0240277032662317,0.0119417964446531,0.0293622788790099,0.019997120147989,0.0033332859893474,0.030243088770665,0.0465383907909725,0.0303054045426126,0.0264621319570105
LG037,logistic_regression,classic,standardization,none,none,none,none,3,,,,,,0.7449904994815174,0.7819413196804055,0.8814240123252999,0.8286788152413357,-0.036077616077616,-0.0150588977664612,-0.0626953462009215,-0.0074393078153878,-0.0089519655535881,0.0211826941358015,0.0111506074937309,0.0216364758298504,0.0152336397854682,0.0298241491717376,0.0181957317366701,0.0401121861345281,0.0362374281659063,0.0136884434028108
LG038,logistic_regression,classic,standardization,none,none,none,calibrate_equalized_odds,3,,,,,,0.7419934904964846,0.7665681563666721,0.9085995867111746,0.8313807297479364,-0.0766828366828367,-0.0461195038270672,-0.0518452154180115,-0.0180042941385182,-0.0611485456604066,0.0063873510980447,0.0135943127754944,0.0170699650404181,0.0017005137909029,0.0470557250249435,0.0552092278515499,0.0650126462484933,0.0563758941940984,0.075607560108845
LG039,logistic_regression,classic,standardization,none,none,none,reject_option_classification,3,,,,,,0.7219914525303747,0.870653097828206,0.7099641734834868,0.7804387398309377,0.0074521374521374,0.0779899796121766,-0.0132134799481831,0.0749072421977853,0.0257876786342831,0.0222862682500448,0.0234976458394867,0.0618767673738456,0.0294351418190422,0.0106647059812961,0.0714392247642874,0.027016843999762,0.0730411194387975,0.0252157567142602
LG040,logistic_regression,classic,standardization,none,none,random,none,3,,,,,,0.7219704734674796,0.8303032952352689,0.7641135688345987,0.7915554985755341,-0.0476276276276276,-0.0097576479597722,-0.0404941663992739,0.0248149515493961,-0.025407046710626,0.026650042420048,0.0376266528086001,0.1047100542250468,0.0365072127401331,0.0210914181231275,0.0342655258460521,0.0589301628951256,0.0568052766459467,0.0233873027018411
LG041,logistic_regression,classic,standardization,none,none,random,calibrate_equalized_odds,3,,,,,,0.7199744654834476,0.8276212865294212,0.7655380702591001,0.7906692763854407,-0.0342942942942942,-0.0042020924042166,-0.0484636743687818,0.0202474469818916,-0.0101292689328482,0.0233531865203008,0.0422514222987051,0.1071692497568294,0.0349992998549191,0.0132511904820178,0.0374247336384824,0.0710809009305801,0.0557184295705583,0.0321771658205673
LG042,logistic_regression,classic,standardization,none,none,random,reject_option_classification,3,,,,,,0.7209874545203886,0.8612325116941871,0.7171050218260518,0.781910133420932,-0.0087808787808787,0.057961793741129,-0.0186343326091327,0.0673255446350918,0.0113492769137065,0.0263665607221712,0.0040150460207088,0.0486628620123823,0.0282212043027741,0.0320096657286057,0.0750958385621455,0.0342906492151811,0.0859002190314756,0.0455262309825797
RF037,random_forest,classic,standardization,none,none,none,none,3,,,,,,0.7700035364706023,0.7916539905616533,0.911418020860081,0.8472927932201246,-0.0309854609854609,0.0151305473950935,-0.0436156348691882,0.0440987690521141,-0.0140129970142959,0.0123963059343348,0.0105363526789375,0.0090748518997539,0.0077447661890306,0.0354007733017648,0.0620298034440261,0.0392854344665058,0.1000396469171995,0.0139712459536858
RF038,random_forest,classic,standardization,none,none,none,calibrate_equalized_odds,3,,,,,,0.7489915064765365,0.7641650190922223,0.92858540283433,0.838276619864597,-0.0828935228935229,-0.0093012707867246,-0.0171509428482382,0.0882534732666676,-0.0927377887606515,0.0251248619086098,0.0211658416866272,0.0106400314192263,0.0140911997700901,0.086810341176175,0.0693366721877545,0.0703054304728576,0.0628974560318735,0.1221058986571784
RF039,random_forest,classic,standardization,none,none,none,reject_option_classification,3,,,,,,0.7649835464206722,0.8492327321316612,0.8085054351148772,0.8277936656687733,-0.02004809004809,0.0094303225648914,-0.0595625225479913,0.0155322553539033,0.0209707078159135,0.0186367550045504,0.0192670696628054,0.0400064068999377,0.0171247691558784,0.0178434735589368,0.0667780072352547,0.038365808638654,0.0662857607127174,0.0261462063361457
RF040,random_forest,classic,standardization,none,none,random,none,3,,,,,,0.7560015104925283,0.8035406401404579,0.8671667706002469,0.8325149333870264,-0.0279629279629279,0.0140014197660283,-0.0436779116669932,0.0468975525581842,-0.0041316236389628,0.0091034847219785,0.037878590119104,0.053503524888006,0.0041868831452387,0.0475402963940834,0.0493782948175951,0.0310802887883063,0.0556253629817373,0.0261336110446221
RF041,random_forest,classic,standardization,none,none,random,calibrate_equalized_odds,3,,,,,,0.7540084995174815,0.7979537954191365,0.8743137326828313,0.8324037634715523,-0.0212677712677712,0.0114761672407758,-0.0538276839278433,0.0332040478091405,0.0040260399534833,0.0105139914894251,0.0399158627025586,0.0624404238791792,0.0083477540820926,0.0322984201577622,0.0521305295313644,0.0530228390771379,0.043721922416643,0.0345035039979896
RF042,random_forest,classic,standardization,none,none,random,reject_option_classification,3,,,,,,0.7319864774954595,0.8605425439777522,0.7370969516892263,0.7927286014433178,-0.007061047061047,0.0350795950277736,-0.0435959604249027,0.0349859842223202,0.0242203458927816,0.0336360086441482,0.0086719949737666,0.0662174030712812,0.0362277909542513,0.0107515768549313,0.0248956759802081,0.0571470254282879,0.0302495425685267,0.0343586366587118
GB037,gradient_boosting,classic,standardization,none,none,none,none,3,,,,,,0.7570174965384546,0.7954811409009882,0.8785872369563358,0.8349180096905991,-0.0457661157661157,-0.0055254186815219,-0.044247352941011,0.021903889978416,-0.0270361237088457,0.0309847839001695,0.0154363288657133,0.0315343788436324,0.0222940628683274,0.0472962749660342,0.027141504128087,0.0352195943349,0.0590228411127508,0.0386760084407488
GB038,gradient_boosting,classic,standardization,none,none,none,calibrate_equalized_odds,3,,,,,,0.7380074685463907,0.7756343491685378,0.8814484672853773,0.8247061333694949,-0.0657961457961457,-0.0096920853481885,-0.0295162685786558,0.0479542913616941,-0.0650065538163726,0.007131087990524,0.0136543100527797,0.0363916074978362,0.0089328820754821,0.0681814100878964,0.0339417126828906,0.0623150771090074,0.0194063255827065,0.084492740050697
GB039,gradient_boosting,classic,standardization,none,none,none,reject_option_classification,3,,,,,,0.7269904635174096,0.8689158172873833,0.7270826455375813,0.7802141222621772,-0.0081425481425481,0.0181681390582027,-0.0678168445172846,0.0034822302876312,0.0309005028517722,0.082994525850543,0.0430613382808664,0.177610954412104,0.0967604064196135,0.0428375558238952,0.0369878390530925,0.0231461346103274,0.0415432450505261,0.0241880572109943
GB040,gradient_boosting,classic,standardization,none,none,random,none,3,,,,,,0.7580005154855455,0.7822302057556172,0.9115158407003902,0.8404999829357255,-0.0407270907270907,0.0077228406070204,-0.0369293869662261,0.0691964108446579,-0.0248410189409309,0.0225269464150867,0.0358904166449353,0.053981268452661,0.0135630634518383,0.0680536334656124,0.0350459479155587,0.0449214138353019,0.0919671209029089,0.055559439848769
GB041,gradient_boosting,classic,standardization,none,none,random,calibrate_equalized_odds,3,,,,,,0.7499955044865224,0.7703812112985013,0.9215301468520352,0.8374265921550336,-0.0685402885402885,-0.0066710987869188,-0.0246227420736627,0.0696243280669478,-0.0649603043617591,0.0098142485394719,0.0351507619576326,0.0621722244697748,0.0079936512610543,0.0452470724731257,0.0297950642747311,0.0441417734624226,0.0657905093245276,0.0186633145134074
GB042,gradient_boosting,classic,standardization,none,none,random,reject_option_classification,3,,,,,,0.7579915244585903,0.8456512605042016,0.799982881527946,0.8211417722026549,-0.0042023842023842,0.0141080250110092,-0.073334713636022,-0.000114085592626,0.0424507383078552,0.0456391518846532,0.0049011754072727,0.0736956916884933,0.0415494741441452,0.0348823698204613,0.0146800369634845,0.0204569166135334,0.0400639330286914,0.0175689490552012
LG043,logistic_regression,classic,standardization,none,reweighing,none,none,3,,,,,,0.7459915004825185,0.7815703297763698,0.8842852426543414,0.829741935483871,-0.031055111055111,-0.0121140076892181,-0.0649414045232094,-0.007854919493648,-0.0030935556026859,0.0140879303178694,0.0091658332453658,0.0128787105313896,0.0097164267614924,0.0305494741697629,0.0151823532413658,0.0407115650531182,0.0376974371058666,0.0161209416389915
LG044,logistic_regression,classic,standardization,none,reweighing,none,calibrate_equalized_odds,3,,,,,,0.7419934904964846,0.7684704533579371,0.9043077412176124,0.830722008586136,-0.0588398188398188,-0.0331367349619454,-0.0572261766847037,-0.012871314448404,-0.0403366474609601,0.0063873510980447,0.0129272520716616,0.0148239878328205,0.00127137037628,0.0380714248951643,0.0417941768420588,0.0607234097825969,0.0319941913316198,0.0616592898760962
LG045,logistic_regression,classic,standardization,none,reweighing,none,reject_option_classification,3,,,,,,0.7250064435693178,0.862542890909805,0.7228580511842314,0.7861575275548208,-0.0113372113372113,0.057579634321486,-0.0101650644883127,0.070869254323941,0.0064380049513977,0.0093542695139948,0.0154949551448068,0.0279024296145064,0.011521381568183,0.0295741160641498,0.0806239325408638,0.0292522584674682,0.0777468631498872,0.0403143474919695
LG046,logistic_regression,classic,standardization,none,reweighing,random,none,3,,,,,,0.7209724694754636,0.8298415650819894,0.7641074550945796,0.7908775434702182,-0.039095459095459,-0.0092542727000477,-0.0484924432292853,0.0149105651310633,-0.0144065668102324,0.0238893667287488,0.0414728366567429,0.1080851962539636,0.0356425330025257,0.0241231826611768,0.0225275268631154,0.0683595579582785,0.0530577791576988,0.0326929949138969
LG047,logistic_regression,classic,standardization,none,reweighing,random,calibrate_equalized_odds,3,,,,,,0.7189764614914315,0.8272146273673324,0.765531956519081,0.7899992365919113,-0.0257621257621257,-0.0036987171444922,-0.0559485835801625,0.0097936060667358,0.0008712109675453,0.0204401699107226,0.0460226525306639,0.1105520296184427,0.0341225734446368,0.0245040233476815,0.025095793765055,0.0800250200236318,0.0543670595379679,0.0454662037056744
LG048,logistic_regression,classic,standardization,none,reweighing,random,reject_option_classification,3,,,,,,0.7199894505283727,0.8613348828392223,0.715674406661531,0.7814199813543689,0.0084811384811384,0.0746470284410696,-0.023061554872259,0.0686551310974861,0.0287576570811927,0.0096169922921723,0.0159966948206163,0.0264494638459938,0.0113758335036912,0.0285007846613797,0.0920790056707413,0.0152275264394156,0.0918285908710752,0.0196269189346825
RF043,random_forest,classic,standardization,none,reweighing,none,none,3,,,,,,0.7600085115055174,0.7897146022932185,0.895742391450546,0.8393196139762514,-0.0328891128891128,0.0007843516158556,-0.0525779660217966,0.0171346041989839,-0.0097259930363427,0.0075225528505789,0.0039510675861887,0.0175704325127187,0.0066516351680633,0.0377772443564661,0.0680320482424198,0.036862525540515,0.1070114213222066,0.0199602123806275
RF044,random_forest,classic,standardization,none,reweighing,none,calibrate_equalized_odds,3,,,,,,0.7429944914974854,0.7669777312634456,0.911479158260274,0.8324500365070281,-0.0859198359198358,-0.0218166584851544,-0.0242385242385242,0.0562417860036907,-0.0883496241582206,0.025967482614192,0.0284643828930281,0.0307416266000464,0.0141265783521569,0.0896564282161614,0.0848850257669726,0.0461677218489818,0.0465979633684564,0.1132558566716118
RF045,random_forest,classic,standardization,none,reweighing,none,reject_option_classification,3,,,,,,0.6979704255153357,0.8723400746481452,0.6670457185478645,0.7546655392170915,-0.0131143731143731,0.0120063288838817,-0.061998063790875,0.0109852700642339,0.0264539817610685,0.0304759401037896,0.0226998805436234,0.0598566646250155,0.034046888399298,0.0163356490772603,0.0266434206686347,0.0276974012315265,0.0367104155338378,0.0083022886878097
RF046,random_forest,classic,standardization,none,reweighing,random,none,3,,,,,,0.7399705094315873,0.7999758621067992,0.8514116625704609,0.8199844451097374,-0.0158459158459158,0.0188191955257934,-0.0517320752635375,0.0439569726795104,0.0135013195873268,0.0259337768134584,0.0597549534222005,0.0992432304978013,0.0231981458298105,0.0502770416938916,0.0429051634772075,0.0249262785616571,0.0594758743733911,0.0319031465557029
RF047,random_forest,classic,standardization,none,reweighing,random,calibrate_equalized_odds,3,,,,,,0.7359784934635235,0.7948284542133958,0.8528361639949623,0.8179040200313658,0.0041540841540841,0.0243747510813489,-0.067646862230956,0.0346106903069122,0.0371124306984379,0.019162173526129,0.0580920389836381,0.0995283299706263,0.0206575631035029,0.0359711062886434,0.049432248341617,0.0447405877691332,0.0484610498355041,0.0230870316715587
RF048,random_forest,classic,standardization,none,reweighing,random,reject_option_classification,3,,,,,,0.7430064795334257,0.8540328188012793,0.764309208515217,0.8049456012232182,-0.0297485597485597,0.007640555363297,-0.0428394310920452,0.0216685194081224,0.0051181255036345,0.0379546438455499,0.010127158246578,0.0785551528817961,0.0386136355107238,0.0117760222467929,0.0541854834025278,0.0450455608633069,0.0608877889233159,0.0376208826428812
GB043,gradient_boosting,classic,standardization,none,reweighing,none,none,3,,,,,,0.7610095125065185,0.7949898327805305,0.8871587004634215,0.8385238065951497,-0.0199124299124299,-0.0034430992663022,-0.0689475854143249,-0.0096060678394375,0.0143668832302134,0.0340447809004515,0.017917957158339,0.0315408214966004,0.0239791524578857,0.0421259944797311,0.020567789273935,0.0318346848301904,0.0599737529607792,0.0370973023461524
GB044,gradient_boosting,classic,standardization,none,reweighing,none,calibrate_equalized_odds,3,,,,,,0.7500074925224626,0.781865903024217,0.8914505459569838,0.8329125930635634,-0.0211964411964411,-0.0027078051486551,-0.0663486260660509,-0.0077408851873168,0.0057291539449509,0.0219996987344243,0.0046811361059565,0.0348364731390941,0.0174638696012651,0.0545108999423294,0.0325403404665305,0.046326855771563,0.0277104106125765,0.0541004725804069
GB045,gradient_boosting,classic,standardization,none,reweighing,none,reject_option_classification,3,,,,,,0.7180443916970863,0.8644789821910962,0.7086925155594684,0.7755483414226583,0.0047368347368347,0.0526042644624016,-0.0373600034460853,0.040301553843554,0.0315576008466384,0.0651132694421089,0.0090619270017965,0.1129437101321032,0.0650160928953715,0.0325647514022708,0.0522563404396864,0.0371640907684398,0.0334458807356643,0.03018756793372
GB046,gradient_boosting,classic,standardization,none,reweighing,random,none,3,,,,,,0.7409954865044686,0.7694154379760216,0.9000158957240503,0.8294281842504546,0.0253562653562653,0.0190679299875859,-0.088439509585734,-0.0130416503310097,0.0611186741955022,0.0071659500122844,0.009254773407969,0.023523523425447,0.0066642055161928,0.0658802286600276,0.026946527955557,0.0700863748329219,0.0394728658014524,0.081090371784294
GB047,gradient_boosting,classic,standardization,none,reweighing,random,calibrate_equalized_odds,3,,,,,,0.7329934725144307,0.759921910758342,0.9057383563821332,0.8260255730895033,0.0111559111559111,0.0107977279673839,-0.0817645333489598,-0.0083584065190408,0.0387078991944397,0.0064010997438022,0.0176775830769468,0.0295980772140083,0.0026094832732985,0.0294105242623624,0.0176052428461886,0.0758423837609205,0.0357949892458366,0.0404257457891325
GB048,gradient_boosting,classic,standardization,none,reweighing,random,reject_option_classification,3,,,,,,0.7459885034735335,0.8486032839513049,0.775674651211132,0.8103150287170124,-0.0054317254317254,0.0173277658352959,-0.0668389582544989,0.0084510173833556,0.0354851143506015,0.0124695733516817,0.0097866434283338,0.0241227790838242,0.011877428064078,0.0118396097814826,0.0198733831221308,0.0494633961934464,0.0158492653582532,0.0227865389487596
LG049,logistic_regression,classic,standardization,one-hot,none,none,none,3,,,,,,0.7470104835374296,0.789129188912014,0.8714402748737512,0.8282439589847496,-0.0409872809872809,-0.0089313082055655,-0.0522106221892841,0.0149789174685781,-0.0198241180513404,0.0138888174072032,0.0082141939877646,0.0111362676489221,0.0095530897897069,0.0311774425661835,0.0274797138681438,0.031117934744613,0.0499948185071764,0.0287218291089067
LG050,logistic_regression,classic,standardization,one-hot,none,none,calibrate_equalized_odds,3,,,,,,0.7440134745523966,0.774061731527382,0.8957485051905651,0.8304041953350536,-0.0663788263788263,-0.0285020152762726,-0.0449077745092925,0.0073920075912485,-0.0543172789733232,0.0116693046801736,0.0015324136865125,0.0208551528183471,0.0096417911324981,0.0450842626897929,0.0665146865940461,0.0600247744425591,0.0685997365158012,0.063476824588423
LG051,logistic_regression,classic,standardization,one-hot,none,none,reject_option_classification,3,,,,,,0.7010004015992041,0.8681787802840434,0.6756905469351823,0.7597415898456173,-0.0322340522340522,0.0320649586110907,-0.0041375410547795,0.064401487609535,-0.0158300486834312,0.0135179883459188,0.0153546429493563,0.0208024368180949,0.0130118170069369,0.0170256082981956,0.0590978782379665,0.0427364602885534,0.0384961624890187,0.0393597496362592
LG052,logistic_regression,classic,standardization,one-hot,none,random,none,3,,,,,,0.714016411621202,0.8274274793715491,0.7557927686683051,0.7852152765925959,-0.053039403039403,0.0020784602113271,-0.0087878087878087,0.0481045318351349,-0.0348547357580372,0.0196117574515737,0.0464796063534953,0.1038183976562744,0.0324188941143302,0.0528545447085253,0.0585343014703203,0.0361090438717544,0.0675057584392024,0.0569806073156748
LG053,logistic_regression,classic,standardization,one-hot,none,random,calibrate_equalized_odds,3,,,,,,0.7120383856910802,0.8053107841741823,0.7857684359830283,0.7900797798125702,0.027017577017577,0.042987551120418,-0.060277467903835,0.0130626501229267,0.0551046406143825,0.0401542025267817,0.0522696116724826,0.1183765337520094,0.0426574820639407,0.1959176615581258,0.1791508091275459,0.1166866736527581,0.0829515235253514,0.2240820755272158
LG054,logistic_regression,classic,standardization,one-hot,none,random,reject_option_classification,3,,,,,,0.7140254026481571,0.8585074685476707,0.7086436056393138,0.7747379157773756,-0.0137400337400337,0.0431783308648461,-0.0235865204039824,0.0519044515392937,0.00790163313745,0.0422204546782367,0.0060944446051959,0.0778395011954986,0.0434358547565482,0.0463655816844066,0.089068471926437,0.0379364725056738,0.0451231920691297,0.0636003116971944
RF049,random_forest,classic,standardization,one-hot,none,none,none,3,,,,,,0.7630055204905505,0.7826666330417353,0.9157343213137203,0.8439479427139146,-0.0419593019593019,-0.0137378677154719,-0.0568397677200168,-0.0068131440657054,-0.0184625216139427,0.0076765207016086,0.0021764388451506,0.0148729125726316,0.006264123538368,0.0146050007043709,0.0518495030547355,0.0418018130313607,0.0849397563089947,0.0127568448469539
RF050,random_forest,classic,standardization,one-hot,none,none,calibrate_equalized_odds,3,,,,,,0.7359844874814935,0.7509637194325158,0.93433231845249,0.8321240936152222,-0.1094822094822094,-0.0401898879174921,-0.0207856188317207,0.0332710399355521,-0.1197787607939617,0.0135178836942251,0.0242001746626926,0.02897647118847,0.0030530097992799,0.0810941119402846,0.0717083198079488,0.083273567503314,0.0276294533052984,0.1235069921762244
RF051,random_forest,classic,standardization,one-hot,none,none,reject_option_classification,3,,,,,,0.7029874185562809,0.8741365576523054,0.6728048616460635,0.7598065810874104,-0.0088715288715288,0.0019086587484223,-0.0814094848632929,-0.0093172661257743,0.0404307817252852,0.0263794100550188,0.0171532260300427,0.0422224977799542,0.0274554576430523,0.046738244608522,0.0471260779524124,0.0296405221469194,0.0725899556184096,0.0471119874407983
RF052,random_forest,classic,standardization,one-hot,none,random,none,3,,,,,,0.7479935024845205,0.7697519188078309,0.9200995316875143,0.8361538105215148,-0.0265152565152565,0.0020465603827881,-0.0536205775913602,-0.0144964555091113,-0.0057230884183022,0.0106219359760668,0.0386679249032503,0.0664748223066648,0.006106290705751,0.0378991278039487,0.0185331054849555,0.0460753065420586,0.1084374016408148,0.0367359411319343
RF053,random_forest,classic,standardization,one-hot,none,random,calibrate_equalized_odds,3,,,,,,0.7369884854914796,0.7543929250351269,0.9358301847572232,0.8327757294547121,-0.0555704655704655,-0.0127261668899391,-0.044351695839181,0.1089864805595594,-0.0497757291311813,0.0274042037506236,0.0468337531892593,0.0718478975605333,0.0122368282346367,0.0299472232293039,0.0456981597013198,0.0602188543462651,0.1812160155280615,0.0624200783158856
RF054,random_forest,classic,standardization,one-hot,none,random,reject_option_classification,3,,,,,,0.7350074625523728,0.8526990859970711,0.7514397857745497,0.7970567342948596,-0.0382150682150682,-0.0082214322081017,-0.0499401241498123,0.0095131253135026,0.0004137583593399,0.048480740373517,0.0042058483341155,0.0861057051998972,0.0475716440918161,0.0056947202826254,0.0728526582376793,0.0307277126506178,0.0819943884964812,0.0249594047569177
GB049,gradient_boosting,classic,standardization,one-hot,none,none,none,3,,,,,,0.7410254565943188,0.7772933592676275,0.8828851961899172,0.8267225418579094,-0.0154026054026054,-0.026087807834661,-0.0898200226035684,-0.0529573937721105,0.0215520090769363,0.0326064775166456,0.018356929309848,0.0273809619502871,0.0223415496634088,0.0631314577409885,0.0568055257672651,0.0617811811736103,0.0415164368772771,0.050820164746106
GB050,gradient_boosting,classic,standardization,one-hot,none,none,calibrate_equalized_odds,3,,,,,,0.719009428590267,0.7535055640087185,0.8914627734370223,0.8161156513949374,-0.047114317114317,-0.0309489189457721,-0.0657361623002052,0.0024584859320102,-0.035582847553888,0.0101363624619576,0.018953979350922,0.0382885712167867,0.0080237593419265,0.1368815386814497,0.0713816778358472,0.1029141079616588,0.0959814126610427,0.1808347424281489
GB051,gradient_boosting,classic,standardization,one-hot,none,none,reject_option_classification,3,,,,,,0.710006413599228,0.8481708441892545,0.7128437450325862,0.7737154412905296,-0.0169393869393869,-0.0014417196359942,-0.0697867081736857,-0.002389894929663,0.0238037376738624,0.0498598892082206,0.0196293316140888,0.0691481810129063,0.0470167442929299,0.0250805865552764,0.057385763471098,0.0458469648402061,0.0424015549907484,0.0307533349524718
GB052,gradient_boosting,classic,standardization,one-hot,none,random,none,3,,,,,,0.7480174785564007,0.777235367831343,0.8971730066150667,0.8328829662290285,-0.0208919408919408,-0.0181967462841479,-0.0790684497359721,-0.0348518512597812,0.0130084073669357,0.0336292678182882,0.0202962770233759,0.0265905587028853,0.022485660223387,0.0345523605704334,0.013315876120246,0.0397642606958682,0.0405789789590888,0.0268514580912834
GB053,gradient_boosting,classic,standardization,one-hot,none,random,calibrate_equalized_odds,3,,,,,,0.7360144575713438,0.7560357662245588,0.9200628492473988,0.8296989949314172,-0.0709135009135009,-0.0508356351730368,-0.060418581043603,-0.0508411494646713,-0.0555609202004632,0.0163473807707023,0.0082979551363937,0.038640394830296,0.0142169946654916,0.0498512230494508,0.0334957610980513,0.0750968789424282,0.0424094517038097,0.0764734809004982
GB054,gradient_boosting,classic,standardization,one-hot,none,random,reject_option_classification,3,,,,,,0.7159914405423388,0.8632885973503713,0.7056845554699632,0.7760911885604643,-0.0354282254282254,0.0017975698101917,-0.0394538945405303,0.0253774639705212,-0.0026538671785963,0.0367905440267141,0.013177762731713,0.0505335640560958,0.0353284145882974,0.0026137691667152,0.0273692114195249,0.0538387701707506,0.0132116013938017,0.0342125198536635
LG055,logistic_regression,classic,standardization,one-hot,reweighing,none,none,3,,,,,,0.7460094825364286,0.7888505329457365,0.8700096597092305,0.8274426568688114,-0.035058275058275,-0.0069111061853635,-0.0563737999972058,0.0115017446900418,-0.011739880085948,0.0145508523948648,0.0083861992212111,0.0122235849658573,0.0101100166270504,0.0376617270095616,0.023994462342309,0.0323190703004476,0.0482212792617432,0.0397215817515088
LG056,logistic_regression,classic,standardization,one-hot,reweighing,none,calibrate_equalized_odds,3,,,,,,0.7450144755533977,0.7784364595164831,0.8885954293679615,0.829857959090071,-0.0458198058198057,-0.0183378738621312,-0.0557079681623881,0.0027110064837965,-0.0265774652645219,0.0146122860498529,0.0058334062086867,0.0168930104492203,0.0106815562352364,0.0292619585835669,0.0544902488219543,0.0529305076169533,0.0518705683949417,0.0426513412219888
LG057,logistic_regression,classic,standardization,one-hot,reweighing,none,reject_option_classification,3,,,,,,0.705001408594223,0.8678936511456072,0.6828375090177664,0.7641805924140241,-0.0166695366695366,0.0428980614447006,-0.0165372419608863,0.0581818081295537,0.0030273629484274,0.0090912236023614,0.0177135468709784,0.0120942835801067,0.0066034861281191,0.0149903731735921,0.0450679401812187,0.0281349294252797,0.0416386094201988,0.0165871119806608
LG058,logistic_regression,classic,standardization,one-hot,reweighing,random,none,3,,,,,,0.699001396606187,0.8521146605604654,0.6899905848403702,0.7624410271139315,-0.0344473844473844,0.0255352750882635,-0.0091314693103436,0.0588326107023826,-0.0177382965290127,0.0061265805940514,0.0145181862719281,0.0071412225899595,0.0026477930706767,0.0494947783443487,0.0442252505182418,0.0359919046590791,0.0525563110736062,0.0516679574256329
LG059,logistic_regression,classic,standardization,one-hot,reweighing,random,calibrate_equalized_odds,3,,,,,,0.6910173646700594,0.8306844848283775,0.705660100509886,0.7617816680587625,0.0655526155526155,0.0866463861993746,-0.0622508989003615,0.0433840070184848,0.0919839256932094,0.0161932372564889,0.04554398739126,0.0331272290701268,0.0025074912541905,0.175672625911081,0.1471346576163521,0.1190969916912141,0.0355868799390961,0.2067209942443629
LG060,logistic_regression,classic,standardization,one-hot,reweighing,random,reject_option_classification,3,,,,,,0.6729963496430562,0.8916250540963414,0.6071066113984568,0.7219769105040106,0.0156735056735056,0.066337792327678,-0.0342380060376612,0.0464467928811847,0.0406702494769957,0.0168163357246179,0.0229675192945598,0.026616702041991,0.0179114176184535,0.0214676748665747,0.0600308106986387,0.0212036085860217,0.0486373344059355,0.0284703570484473
RF055,random_forest,classic,standardization,one-hot,reweighing,none,none,3,,,,,,0.7600145055234876,0.7777128309043203,0.9200261668072828,0.8428480770851782,-0.0376871276871277,-0.0144957960639489,-0.060771531744176,-0.0103126717984555,-0.0138338170136267,0.0184505475858038,0.0054891597469607,0.0249926319539494,0.0136309783286751,0.0344662255966551,0.0307935543678534,0.0439677359415587,0.089790902244074,0.0532304370966731
RF056,random_forest,classic,standardization,one-hot,reweighing,none,calibrate_equalized_odds,3,,,,,,0.7319924715134296,0.7466376637663766,0.9357629336170108,0.8301448219156268,-0.101013531013531,-0.0368442809124337,-0.0246442768783497,0.0340891386222569,-0.1112282557913054,0.0066905223480354,0.0178738487936816,0.0298018827304169,0.0016869103555571,0.0568884154702,0.0567608396662772,0.0720755699584386,0.0349167555842122,0.0875689818038315
RF057,random_forest,classic,standardization,one-hot,reweighing,none,reject_option_classification,3,,,,,,0.7169924415433399,0.8583659228586765,0.7142315640169716,0.7791054718669025,-0.0165018865018864,0.0070547247040411,-0.0641114190262254,0.0087306887638988,0.0233902061140671,0.017766345098361,0.0201078478011345,0.0370448575195899,0.0187037812404405,0.0179925411648396,0.0496567118602582,0.0073500263983368,0.0641650265563604,0.0091448505502451
RF058,random_forest,classic,standardization,one-hot,reweighing,random,none,3,,,,,,0.7570085055114996,0.7666940461574012,0.9386058227259944,0.8438217051210661,-0.0145306145306145,0.0076984030754627,-0.0632422408995631,0.0068180329893718,0.0061317897286387,0.0105176263185509,0.0031363069829421,0.0284207803525327,0.0095510923854539,0.0275755789921871,0.0213780954052963,0.0492024390237621,0.0838506254693902,0.0329310404394665
RF059,random_forest,classic,standardization,one-hot,reweighing,random,calibrate_equalized_odds,3,,,,,,0.7450024875174576,0.7514414621327804,0.9514813592066812,0.8393017580470068,-0.0489049889049889,-0.0105465464194867,-0.0486924999120121,0.0068827062729501,-0.0443690549736435,0.0166564139347783,0.0187674849624932,0.0322874106350403,0.0098824547904223,0.0198985726648117,0.0316303107683441,0.0602177257687383,0.0474015773477376,0.0423900937632972
RF060,random_forest,classic,standardization,one-hot,reweighing,random,reject_option_classification,3,,,,,,0.7249764734794676,0.8561970724721725,0.731325581110989,0.7868891959888028,-0.0169817369817369,0.0124781481350502,-0.0583161550532093,0.0171719025344437,0.0198248003045763,0.0350570936655903,0.0216021125752123,0.0757632384544379,0.0387579535165248,0.0106871471467045,0.0437450463637233,0.0302207799619979,0.0509713959862214,0.0093120168055082
GB055,gradient_boosting,classic,standardization,one-hot,reweighing,none,none,3,,,,,,0.7430334526142909,0.7792411016595526,0.8828974236699558,0.8278286956206174,-0.0034339234339234,-0.0127250880670328,-0.0903011095562517,-0.0391554326559463,0.0334666924518062,0.0357937337663995,0.0202856369769182,0.0298496881067747,0.0245660735156845,0.0591816389891196,0.0517114285369905,0.0509210991753782,0.0462987037070318,0.0456747869056695
GB056,gradient_boosting,classic,standardization,one-hot,reweighing,none,calibrate_equalized_odds,3,,,,,,0.728027428626231,0.7610867446393762,0.8914811146570804,0.8208345032996256,-0.0197329497329497,-0.0182397939493857,-0.0787655380569251,-0.0339828850015211,0.0028867588654685,0.0239429567874741,0.0118349770452047,0.0409598388729451,0.0188923916502528,0.1104894778903264,0.0733610928135868,0.0798310211635136,0.0362346226989744,0.1289720484448301
GB057,gradient_boosting,classic,standardization,one-hot,reweighing,none,reject_option_classification,3,,,,,,0.6990373607140073,0.8613476775635464,0.6786557108445521,0.7564748020796408,0.0233651833651833,0.0682895145289905,-0.042079772079772,0.0436051532349441,0.0503187974373912,0.0682208034823412,0.0073411479143253,0.1073582166897648,0.0678891910603937,0.0202085168098674,0.054935674932395,0.0460464351072496,0.0576444091319464,0.0462993749776945
GB058,gradient_boosting,classic,standardization,one-hot,reweighing,random,none,3,,,,,,0.7520274765783747,0.7796527726576388,0.9000464644241468,0.8354745775798699,-0.0166407666407666,-0.0093604008070928,-0.0757210070116573,-0.0156787419123023,0.013475315782899,0.0281366743822057,0.0146107833713354,0.028893880084159,0.0198175106665576,0.0357633195077899,0.013252261161721,0.0495721940400709,0.0210953808346517,0.0309957200019666
GB059,gradient_boosting,classic,standardization,one-hot,reweighing,random,calibrate_equalized_odds,3,,,,,,0.741025456594319,0.7627739753125494,0.9143526160693544,0.8314657020945999,-0.0479128079128079,-0.0298149462616383,-0.0632662134553786,-0.0223454649032827,-0.0315482012953164,0.0222496443291275,0.0041847481985738,0.0406137829419722,0.0183089081102188,0.0289538235682225,0.0054657223706512,0.0755308737483963,0.0302219295559166,0.0510233907858201
GB060,gradient_boosting,classic,standardization,one-hot,reweighing,random,reject_option_classification,3,,,,,,0.7460244675813538,0.8518218948733646,0.7729479231625155,0.8093365316819874,0.0079039879039879,0.0350327583259868,-0.0628492229342238,0.016495716171909,0.0492367067467963,0.0309234688183016,0.0281130036414196,0.0554079039706151,0.0284859083311174,0.0266896764695293,0.0198632156631209,0.0258844994232084,0.0401914547929506,0.0112236218905317
LG061,logistic_regression,classic,standardization,label,none,none,none,3,,,,,,0.7419934904964846,0.7789679226246391,0.8814240123252999,0.8270025602891335,-0.0311657811657811,-0.0150588977664612,-0.067285109800166,-0.0124187554517498,-0.0031771117524185,0.0188793326235667,0.0084364590612736,0.0216364758298504,0.0139922585163187,0.0267112798209244,0.0181957317366701,0.0428401277662741,0.0402124480443047,0.0125213520404266
LG062,logistic_regression,classic,standardization,label,none,none,calibrate_equalized_odds,3,,,,,,0.7389964815114515,0.7637354553481902,0.9085995867111746,0.8297410273108771,-0.0717710017710017,-0.0461195038270672,-0.0561729253374808,-0.023222345304623,-0.055373691859237,0.0054383253010618,0.0114542986338756,0.0170699650404181,0.0025831420299829,0.047078170699973,0.0552092278515499,0.0654299075714368,0.0522504173714816,0.0730982261269994
LG063,logistic_regression,classic,standardization,label,none,none,reject_option_classification,3,,,,,,0.7370064675453897,0.8576351724682295,0.748590782925547,0.7993673398698476,-0.006061376061376,0.0682867832651447,-0.0099721267068298,0.078751027019831,0.0099004268105125,0.0057988243881751,0.0029217529849077,0.011732953638203,0.0059088662242324,0.0338571975225239,0.0756951694779754,0.0325140263706349,0.073587978053629,0.0502171034098386
LG064,logistic_regression,classic,standardization,label,none,random,none,3,,,,,,0.7069974165782549,0.8551745604978748,0.7000048909920155,0.7698281366387958,-0.0213428813428813,0.0400822722627648,-0.0168237047918803,0.0589237038270713,-0.0004870865993574,0.0064091855238372,0.0071365067323489,0.0070877445270253,0.0053007418122247,0.0395403468100026,0.1084835217483002,0.0304960430617037,0.0928090797293157,0.0522854660869506
LG065,logistic_regression,classic,standardization,label,none,random,calibrate_equalized_odds,3,,,,,,0.6900313487139834,0.8244533631100107,0.7114009023880268,0.7629329435733899,0.0886571186571186,0.0845267167072093,-0.0896416914029704,0.0106099486167643,0.1259018022895314,0.0278051885348047,0.0470453216818892,0.0179664678812499,0.0123690027916472,0.2270748777945644,0.1840729868782479,0.1367889700593659,0.0525548915230676,0.2653271596841497
LG066,logistic_regression,classic,standardization,label,none,random,reject_option_classification,3,,,,,,0.7189854525183866,0.8645079462026951,0.7099641734834868,0.7788240056138441,-0.0116583716583716,0.052911288690624,-0.0191951010310447,0.0622712754424557,0.0098505944367631,0.029819156693101,0.0032190241412989,0.0539234406692162,0.0319979978376391,0.0399713772868687,0.0495088750680896,0.0356980904056594,0.0770276281583367,0.0477468376521751
RF061,random_forest,classic,standardization,label,none,none,none,3,,,,,,0.7700035364706023,0.7916539905616533,0.911418020860081,0.8472927932201246,-0.0309854609854609,0.0151305473950935,-0.0436156348691882,0.0440987690521141,-0.0140129970142959,0.0123963059343348,0.0105363526789375,0.0090748518997539,0.0077447661890306,0.0354007733017648,0.0620298034440261,0.0392854344665058,0.1000396469171995,0.0139712459536858
RF062,random_forest,classic,standardization,label,none,none,calibrate_equalized_odds,3,,,,,,0.7489915064765365,0.7641650190922223,0.92858540283433,0.838276619864597,-0.0828935228935229,-0.0093012707867246,-0.0171509428482382,0.0882534732666676,-0.0927377887606515,0.0251248619086098,0.0211658416866272,0.0106400314192263,0.0140911997700901,0.086810341176175,0.0693366721877545,0.0703054304728576,0.0628974560318735,0.1221058986571784
RF063,random_forest,classic,standardization,label,none,none,reject_option_classification,3,,,,,,0.7669795544047041,0.8496841288572988,0.8113544379638801,0.8294137836169208,-0.0324127624127624,-0.0018723594274456,-0.0560322124998584,0.0104351279317051,0.0083749223753005,0.0213963830548379,0.0188420318385028,0.0449410245853192,0.0196976584663043,0.0181171355689738,0.0483388810792673,0.0346901620298853,0.0578294668790315,0.0079148803427046
RF064,random_forest,classic,standardization,label,none,random,none,3,,,,,,0.7560015104925283,0.8035406401404579,0.8671667706002469,0.8325149333870264,-0.0279629279629279,0.0140014197660283,-0.0436779116669932,0.0468975525581842,-0.0041316236389628,0.0091034847219785,0.037878590119104,0.053503524888006,0.0041868831452387,0.0475402963940834,0.0493782948175951,0.0310802887883063,0.0556253629817373,0.0261336110446221
RF065,random_forest,classic,standardization,label,none,random,calibrate_equalized_odds,3,,,,,,0.7540084995174815,0.7979537954191365,0.8743137326828313,0.8324037634715523,-0.0212677712677712,0.0114761672407758,-0.0538276839278433,0.0332040478091405,0.0040260399534833,0.0105139914894251,0.0399158627025586,0.0624404238791792,0.0083477540820926,0.0322984201577622,0.0521305295313644,0.0530228390771379,0.043721922416643,0.0345035039979896
RF066,random_forest,classic,standardization,label,none,random,reject_option_classification,3,,,,,,0.7299904695114275,0.8612065089936644,0.732823447415722,0.7906393762401279,-0.0156365456365455,0.025884192728923,-0.0412280133114131,0.0325276356981295,0.0154559780766897,0.0325938666016402,0.0078525520622664,0.0634630677328801,0.0349804802529642,0.0241977624966759,0.0090202089117036,0.0544147946557278,0.0268494748408285,0.0296726014291815
GB061,gradient_boosting,classic,standardization,label,none,none,none,3,,,,,,0.7570174965384546,0.7954811409009882,0.8785872369563358,0.8349180096905991,-0.0457661157661157,-0.0055254186815219,-0.044247352941011,0.021903889978416,-0.0270361237088457,0.0309847839001695,0.0154363288657133,0.0315343788436324,0.0222940628683274,0.0472962749660342,0.027141504128087,0.0352195943349,0.0590228411127508,0.0386760084407488
GB062,gradient_boosting,classic,standardization,label,none,none,calibrate_equalized_odds,3,,,,,,0.7380074685463907,0.7756343491685378,0.8814484672853773,0.8247061333694949,-0.0657961457961457,-0.0096920853481885,-0.0295162685786558,0.0479542913616941,-0.0650065538163726,0.007131087990524,0.0136543100527797,0.0363916074978362,0.0089328820754821,0.0681814100878964,0.0339417126828906,0.0623150771090074,0.0194063255827065,0.084492740050697
GB063,gradient_boosting,classic,standardization,label,none,none,reject_option_classification,3,,,,,,0.7269904635174096,0.8689158172873833,0.7270826455375813,0.7802141222621772,-0.0081425481425481,0.0181681390582027,-0.0678168445172846,0.0034822302876312,0.0309005028517722,0.082994525850543,0.0430613382808664,0.177610954412104,0.0967604064196135,0.0428375558238952,0.0369878390530925,0.0231461346103274,0.0415432450505261,0.0241880572109943
GB064,gradient_boosting,classic,standardization,label,none,random,none,3,,,,,,0.7609945274615934,0.7813231762771591,0.9186383478228972,0.8433694726992073,-0.0364250964250964,0.0130868252813499,-0.0378740755068226,0.0708492870329134,-0.0207701377148772,0.0230157669487005,0.0347694906854412,0.0419625791112743,0.0112248687069555,0.0606106538487239,0.0286414016162683,0.0456275847314496,0.0917459904813965,0.0493406993857912
GB065,gradient_boosting,classic,standardization,label,none,random,calibrate_equalized_odds,3,,,,,,0.7499955044865224,0.7663585148215367,0.9286526539745424,0.838588723674308,-0.0542382942382942,-0.0013071141125893,-0.0358436467728283,0.0615872754476274,-0.0483894231357054,0.0098142485394719,0.0286138800779366,0.0499828500263399,0.0062572158518755,0.030250183825708,0.0266736553047502,0.062133279968277,0.0707933251742204,0.0304981339495025
GB066,gradient_boosting,classic,standardization,label,none,random,reject_option_classification,3,,,,,,0.7549975124825424,0.8470913526701004,0.7928603744054388,0.8180433688486334,0.0152847952847952,0.031157833440128,-0.0803146955746132,0.0023192812395367,0.0634756425224146,0.0450965285852076,0.0064277596633532,0.0729876686461441,0.0409348427885138,0.006587197149584,0.0428460626882005,0.0314982677491547,0.044098417715256,0.0197258236583342
LG067,logistic_regression,classic,standardization,label,reweighing,none,none,3,,,,,,0.7469925014835196,0.781840514433608,0.8857158578188621,0.8305163865816754,-0.0325566125566125,-0.0141973410225515,-0.0652994974227387,-0.0106472063615311,-0.0041352222693525,0.0149928602853741,0.0092306630565891,0.0150516616450197,0.0105236860141329,0.0303626311389019,0.0187729214675502,0.0407819597592741,0.041789357059164,0.0153609239665606
LG068,logistic_regression,classic,standardization,label,reweighing,none,calibrate_equalized_odds,3,,,,,,0.7419934904964846,0.7684704533579371,0.9043077412176124,0.830722008586136,-0.0588398188398188,-0.0331367349619454,-0.0572261766847037,-0.012871314448404,-0.0403366474609601,0.0063873510980447,0.0129272520716616,0.0148239878328205,0.00127137037628,0.0380714248951643,0.0417941768420588,0.0607234097825969,0.0319941913316198,0.0616592898760962
LG069,logistic_regression,classic,standardization,label,reweighing,none,reject_option_classification,3,,,,,,0.7280064495633359,0.8605380346318672,0.7300050132668158,0.7897253779627706,0.0100141400141399,0.0814000300596899,-0.0164382257219035,0.076691849818068,0.0271201326450611,0.0071755286389146,0.0113890448517326,0.0195509605768787,0.0081090752347172,0.0097785256899869,0.0838176775319771,0.0159656494398559,0.0832554835171754,0.019566910362653
LG070,logistic_regression,classic,standardization,label,reweighing,random,none,3,,,,,,0.7079984175792559,0.8554471539143388,0.7014355061565363,0.7708011122405877,-0.0178988778988779,0.0450473643602099,-0.01570163347648,0.0613319020764868,0.001995459449365,0.002032867019144,0.0064426199923466,0.0042039554100781,0.0009113362078964,0.0371495199453651,0.1040211786360454,0.0302243591570205,0.0908505745177258,0.0507598118271163
LG071,logistic_regression,classic,standardization,label,reweighing,random,calibrate_equalized_odds,3,,,,,,0.6900343457229684,0.8235745809356372,0.7128315175525476,0.7633588732233219,0.0954344554344554,0.0894918088046543,-0.0907890897483441,0.0049389675913484,0.1325510150049206,0.0297821426601505,0.0492040338357074,0.0155345153314474,0.0130219342666881,0.2299068470255781,0.1796457161541527,0.1414669126165669,0.056551325273165,0.2704285664427432
LG072,logistic_regression,classic,standardization,label,reweighing,random,reject_option_classification,3,,,,,,0.7169924415433399,0.8642159427873713,0.7071212843745033,0.7776105945189146,0.0026006426006425,0.064716833721078,-0.0239440454719811,0.0611517251450388,0.0251814486100858,0.0067158176771488,0.0140236887852668,0.0183523345265935,0.0076617077468701,0.0251445181224805,0.083403142467778,0.0142267942967553,0.0844460457923245,0.0161937036974779
RF067,random_forest,classic,standardization,label,reweighing,none,none,3,,,,,,0.7600085115055174,0.7897146022932185,0.895742391450546,0.8393196139762514,-0.0328891128891128,0.0007843516158556,-0.0525779660217966,0.0171346041989839,-0.0097259930363427,0.0075225528505789,0.0039510675861887,0.0175704325127187,0.0066516351680633,0.0377772443564661,0.0680320482424198,0.036862525540515,0.1070114213222066,0.0199602123806275
RF068,random_forest,classic,standardization,label,reweighing,none,calibrate_equalized_odds,3,,,,,,0.7429944914974854,0.7669777312634456,0.911479158260274,0.8324500365070281,-0.0859198359198358,-0.0218166584851544,-0.0242385242385242,0.0562417860036907,-0.0883496241582206,0.025967482614192,0.0284643828930281,0.0307416266000464,0.0141265783521569,0.0896564282161614,0.0848850257669726,0.0461677218489818,0.0465979633684564,0.1132558566716118
RF069,random_forest,classic,standardization,label,reweighing,none,reject_option_classification,3,,,,,,0.7039584494674315,0.8691988669394323,0.6812907327928787,0.7612692100483757,0.0049282849282849,0.0301424312872255,-0.0680235858985042,0.0157384600100826,0.0452442551849626,0.0409371067592371,0.0268275560734533,0.0848996856576096,0.0458914978927591,0.0183809931360272,0.0580781018217835,0.0373854907199073,0.0447413479368164,0.0356700330759754
RF070,random_forest,classic,standardization,label,reweighing,random,none,3,,,,,,0.7399705094315873,0.7999758621067992,0.8514116625704609,0.8199844451097374,-0.0158459158459158,0.0188191955257934,-0.0517320752635375,0.0439569726795104,0.0135013195873268,0.0259337768134584,0.0597549534222005,0.0992432304978013,0.0231981458298105,0.0502770416938916,0.0429051634772075,0.0249262785616571,0.0594758743733911,0.0319031465557029
RF071,random_forest,classic,standardization,label,reweighing,random,calibrate_equalized_odds,3,,,,,,0.7359784934635235,0.7948284542133958,0.8528361639949623,0.8179040200313658,0.0041540841540841,0.0243747510813489,-0.067646862230956,0.0346106903069122,0.0371124306984379,0.019162173526129,0.0580920389836381,0.0995283299706263,0.0206575631035029,0.0359711062886434,0.049432248341617,0.0447405877691332,0.0484610498355041,0.0230870316715587
RF072,random_forest,classic,standardization,label,reweighing,random,reject_option_classification,3,,,,,,0.7430064795334257,0.8540328188012793,0.764309208515217,0.8049456012232182,-0.0297485597485597,0.007640555363297,-0.0428394310920452,0.0216685194081224,0.0051181255036345,0.0379546438455499,0.010127158246578,0.0785551528817961,0.0386136355107238,0.0117760222467929,0.0541854834025278,0.0450455608633069,0.0608877889233159,0.0376208826428812
GB067,gradient_boosting,classic,standardization,label,reweighing,none,none,3,,,,,,0.7610095125065185,0.7949898327805305,0.8871587004634215,0.8385238065951497,-0.0199124299124299,-0.0034430992663022,-0.0689475854143249,-0.0096060678394375,0.0143668832302134,0.0340447809004515,0.017917957158339,0.0315408214966004,0.0239791524578857,0.0421259944797311,0.020567789273935,0.0318346848301904,0.0599737529607792,0.0370973023461524
GB068,gradient_boosting,classic,standardization,label,reweighing,none,calibrate_equalized_odds,3,,,,,,0.7500074925224626,0.781865903024217,0.8914505459569838,0.8329125930635634,-0.0211964411964411,-0.0027078051486551,-0.0663486260660509,-0.0077408851873168,0.0057291539449509,0.0219996987344243,0.0046811361059565,0.0348364731390941,0.0174638696012651,0.0545108999423294,0.0325403404665305,0.046326855771563,0.0277104106125765,0.0541004725804069
GB069,gradient_boosting,classic,standardization,label,reweighing,none,reject_option_classification,3,,,,,,0.7180443916970863,0.8644789821910962,0.7086925155594684,0.7755483414226583,0.0047368347368347,0.0526042644624016,-0.0373600034460853,0.040301553843554,0.0315576008466384,0.0651132694421089,0.0090619270017965,0.1129437101321032,0.0650160928953715,0.0325647514022708,0.0522563404396864,0.0371640907684398,0.0334458807356643,0.03018756793372
GB070,gradient_boosting,classic,standardization,label,reweighing,random,none,3,,,,,,0.7409954865044686,0.7694154379760216,0.9000158957240503,0.8294281842504546,0.0253562653562653,0.0190679299875859,-0.088439509585734,-0.0130416503310097,0.0611186741955022,0.0071659500122844,0.009254773407969,0.023523523425447,0.0066642055161928,0.0658802286600276,0.026946527955557,0.0700863748329219,0.0394728658014524,0.081090371784294
GB071,gradient_boosting,classic,standardization,label,reweighing,random,calibrate_equalized_odds,3,,,,,,0.7339944735154317,0.760871931410965,0.9057383563821332,0.8265720947563152,0.0125804125804126,0.0107977279673839,-0.083119773300691,-0.010635353094233,0.0411233581316378,0.006572448903923,0.0182873599350211,0.0295980772140083,0.0016869747349113,0.0284040337911266,0.0176052428461886,0.0738188245305993,0.0323022420806118,0.0364104031952634
GB072,gradient_boosting,classic,standardization,label,reweighing,random,reject_option_classification,3,,,,,,0.7459885034735335,0.8486032839513049,0.775674651211132,0.8103150287170124,-0.0054317254317254,0.0173277658352959,-0.0668389582544989,0.0084510173833556,0.0354851143506015,0.0124695733516817,0.0097866434283338,0.0241227790838242,0.011877428064078,0.0118396097814826,0.0198733831221308,0.0494633961934464,0.0158492653582532,0.0227865389487596
PR001,prejudice_remover,fairness,,,none,none,none,3,0.0,,,,,0.7369914825004645,0.7914589505226957,0.8485626597214581,0.8187990924990287,-0.1113120113120113,-0.0718831508140394,-0.0359147428841817,0.0010163620686918,-0.0934111463657395,0.0140960732592161,0.0200935312596484,0.0139297350250933,0.0068160326060546,0.0954658856581319,0.0894599562900339,0.075223153573775,0.0332933660528765,0.1286066575790944
PR002,prejudice_remover,fairness,,,none,none,none,3,1.0,,,,,0.7359904814994636,0.7881365146426424,0.852848391475001,0.819024077388614,-0.0981309981309981,-0.0643938201094554,-0.0442017058075177,-0.0036735577079545,-0.0773056057069016,0.0184593257511581,0.0222971608962173,0.0100908552320819,0.0095262843535282,0.0803595896172374,0.0771778817555615,0.0636618726903742,0.0380351350238102,0.1083649275658008
PR003,prejudice_remover,fairness,,,none,none,none,3,5.0,,,,,0.7269874665084246,0.7760290486564996,0.8585708521330838,0.8149926456242204,-0.0575947975947976,-0.0310009199640406,-0.0563119399460708,0.0013680663621464,-0.0357546367985356,0.0161896491895233,0.0209383971408618,0.0128802776753341,0.0074920498920436,0.0779846372351247,0.0675158535457899,0.0590255962647257,0.0486851255952818,0.103239793744887
PR004,prejudice_remover,fairness,,,none,none,none,3,10.0,,,,,0.7309854764944586,0.7762229610482357,0.8657055867356297,0.8183212932429234,-0.033032613032613,-0.0047436825533952,-0.057243093721499,0.0127659420079423,-0.0118009481720331,0.0125777247509167,0.0143270840950545,0.022097691913745,0.008865835438565,0.0578184126894153,0.0410847979597355,0.0668242108394034,0.0826804323549447,0.0897935281875784
PR005,prejudice_remover,fairness,,,none,none,none,3,25.0,,,,,0.7299874725024426,0.7743896329198167,0.8671362019001504,0.81801044194972,-0.0147612647612647,-0.0070996353122488,-0.076398405910601,-0.0200418772487137,0.0172410708554771,0.0112570721470882,0.0108760514138303,0.0197302088974838,0.0084892187190119,0.0772273599343962,0.0525210057003674,0.0662755551693182,0.0966525152904067,0.1089930121642003
PR006,prejudice_remover,fairness,,,none,none,none,3,50.0,,,,,0.7309914705124285,0.7754247686006216,0.8671423156401697,0.8185855275401582,0.0097597597597597,0.0265256959126961,-0.0707896996296374,0.0126238147732181,0.0367419085109604,0.0073867529180992,0.0110000596383979,0.0171705202045904,0.0052118799712284,0.0892332207788383,0.0438068790577359,0.0678916084965932,0.0749077079449895,0.1196675783679615
PR007,prejudice_remover,fairness,,,none,none,none,3,100.0,,,,,0.7299904695114275,0.7744863147716389,0.8671423156401697,0.818043804334419,0.0083352583352583,0.0265256959126961,-0.0694810088545719,0.0151074284534337,0.0343264495737623,0.0083891099695119,0.0125987255889556,0.0171705202045904,0.0052183872872199,0.0906159748888908,0.0438068790577359,0.0700735232925867,0.0752607004063014,0.1224746226685679
AD001,adversarial_debiasing,fairness,,,none,none,none,3,,0.01,50.0,64.0,True,0.6469343595092097,0.8082717658988846,0.6526539745423865,0.7170190452151703,-0.5915655515655516,-0.6261114998381941,0.0814956924702442,-0.0233156974510589,-0.5398907195310653,0.0568661589184807,0.021721351437772,0.1254058787740405,0.0681183892167972,0.1172696293444853,0.2013178526925155,0.0876394916579476,0.0280293006158491,0.093794767219247
AD002,adversarial_debiasing,fairness,,,none,none,none,3,,0.01,50.0,128.0,True,0.6140721559883237,0.7652845152845154,0.6889512490370859,0.6934215885080507,-0.3941699041699042,-0.4223656442723379,-0.0339467326240542,-0.0316491035453044,-0.3672195215284083,0.0797497514026572,0.0744138196776316,0.2911023972373716,0.1296104718021772,0.3667473784605419,0.3817921140450925,0.1667396133587143,0.0385332469627317,0.3558198503438003
AD003,adversarial_debiasing,fairness,,,none,none,none,3,,0.01,50.0,200.0,True,0.6669903436370502,0.810604375231739,0.7057701478302336,0.7390991464923905,-0.4078549878549878,-0.4311251459831582,-0.2685883533801556,-0.1724135075725665,-0.3622530046574665,0.0532137650317298,0.0634729569497194,0.1960795389735201,0.0812007389200326,0.2702802243535318,0.3412737542848515,0.50827983234851,0.3050365015998434,0.2162335552182568
AD004,adversarial_debiasing,fairness,,,none,none,none,3,,0.01,150.0,64.0,True,0.6920992849136561,0.7693188282138794,0.813231356149811,0.7759420457689165,-0.1675171675171675,-0.2213859029175862,-0.3274486000779104,-0.1630510461398948,-0.1190869788367284,0.0878508368376911,0.0335822694450398,0.2272198454805222,0.1055111574214666,0.4497610055145642,0.4503447411821486,0.4191903366114912,0.2176485752975174,0.4497016435388337
AD005,adversarial_debiasing,fairness,,,none,none,none,3,,0.01,150.0,128.0,True,0.6660372947798098,0.8122438296355697,0.6801046672291307,0.735674165785125,-0.3555769055769056,-0.3948624049969253,-0.011516021054805,-0.0312856690617806,-0.3027418288774067,0.0735384289758701,0.0039823937504165,0.1358943626220381,0.0770978858194629,0.3560944735153563,0.3616896899138299,0.1061311653007791,0.0301644839919518,0.3615617583537936
AD006,adversarial_debiasing,fairness,,,none,none,none,3,,0.01,150.0,200.0,True,0.6880083676490862,0.8012800522507854,0.7441827763716176,0.7691241486479851,-0.2108680008680008,-0.198638979825766,-0.0073401771911416,0.0303512386845884,-0.1847362078414116,0.0180363100789172,0.0492922700911818,0.0625502089606385,0.0150249529621894,0.3459568619824129,0.3908762325702533,0.103487190123598,0.1305267385259138,0.3386320613422818
AD007,adversarial_debiasing,fairness,,,none,none,none,3,,0.01,300.0,64.0,True,0.628026229822637,0.8467670549648428,0.5743125099348275,0.6833484598629962,-0.5869185969185969,-0.6698026382079149,0.0140094176238754,-0.0603949510255632,-0.5142246420208804,0.0227652630873375,0.0421579287245996,0.037983463751857,0.0231209301350347,0.0792775572989997,0.0600444241442223,0.1672874467110915,0.0299244244938065,0.098921668596369
AD008,adversarial_debiasing,fairness,,,none,none,none,3,,0.01,300.0,128.0,True,0.6810073546600494,0.8069566262809115,0.7171233630461099,0.7558676238878688,-0.211991921991922,-0.2039261663426338,0.0168654737673142,0.0312061750057263,-0.1777823502497189,0.054428016939889,0.0178732695641588,0.1100782530533148,0.0598924358807445,0.3591740947056718,0.4323218981801655,0.1455400455611377,0.0452211200188491,0.3395304661007912
AD009,adversarial_debiasing,fairness,,,none,none,none,3,,0.01,300.0,200.0,True,0.6960643278008547,0.8146807629211062,0.733031314576379,0.7687457384530744,-0.2164666064666064,-0.195773059585266,0.0151110484907561,0.0235663353239118,-0.1955791308605201,0.0558913234137203,0.0110816759248039,0.1059343275842239,0.0601776669721911,0.25071210272807,0.2548809876540421,0.0494782310963603,0.0545001388037262,0.2364124806342546
AD010,adversarial_debiasing,fairness,,,none,none,none,3,,0.1,50.0,64.0,True,0.456147764530998,0.8891812865497076,0.3261619162906716,0.3137890667727919,-0.0784945784945785,-0.0595015827647673,-0.6193317251084115,-0.2735656264539697,-0.0870595026181636,0.2371829199709763,0.1268153296498707,0.5132289254657131,0.4449778267034365,0.0807188376050161,0.0384787996612916,0.5886445296172904,0.272921428054604,0.1079051868445885
AD011,adversarial_debiasing,fairness,,,none,none,none,3,,0.1,50.0,128.0,True,0.709008409607212,0.7566967229205254,0.9055793991416308,0.8110491898944417,-0.1306306306306306,-0.1218321917808219,-0.0125181494608246,-0.0225546212891167,-0.1210462600103883,0.0153510966245097,0.0979441260215303,0.1635412779678768,0.0217973396545708,0.2262588892770155,0.2110195461618589,0.134034534595027,0.0440883841633514,0.2096582724041854
AD012,adversarial_debiasing,fairness,,,none,none,none,3,,0.1,50.0,200.0,True,0.6979794165422909,0.7917907062367462,0.8069770001100474,0.7777391486995148,-0.1272852572852573,-0.1862106206834804,-0.0494142496508672,-0.0429681907200354,-0.0674558225502652,0.0597768082826632,0.0828457778680519,0.2311659417713534,0.0920454374286561,0.3571782671479918,0.4102225210079435,0.1440555309469915,0.1434597473423606,0.3373005716153008
AD013,adversarial_debiasing,fairness,,,none,none,none,3,,0.1,150.0,64.0,True,0.5651369932807059,0.8477365114560236,0.4718034310308988,0.5776632413936411,-0.4138299138299138,-0.4772760146127703,-0.3058892135943906,-0.1899848910590859,-0.359964992370729,0.1204875617799663,0.0384746223800819,0.228952484164319,0.2077570716392203,0.22842955291089,0.2491093083206512,0.5066597400689234,0.1789121659665294,0.2132904660476453
AD014,adversarial_debiasing,fairness,,,none,none,none,3,,0.1,150.0,128.0,True,0.300000599401797,0.0,0.0,0.0,0.0,0.0,0.0,0.0374853874853874,0.0,0.0005190971832817,0.0,0.0,0.0,0.0,0.0,0.0,0.0317539822206958,0.0
AD015,adversarial_debiasing,fairness,,,none,none,none,3,,0.1,150.0,200.0,True,0.6681172190154226,0.8232407058769228,0.683228788379003,0.7259818216436682,-0.1574891674891675,-0.2100516333413885,-0.0121186518124201,-0.0162733163988239,-0.1003004982320075,0.1067539435048921,0.0403301144042641,0.2388796108018379,0.1402197489615628,0.2852564747052494,0.2799615944262448,0.1395205400556462,0.0927607904864499,0.2888142677504158
AD016,adversarial_debiasing,fairness,,,none,none,none,3,,0.1,300.0,64.0,True,0.348048647449845,0.3095238095238095,0.0743919885550786,0.1199538638985005,-0.0797720797720797,-0.105050505050505,-0.3095238095238095,-0.1289926413521919,-0.0621870882740447,0.0834824194371622,0.5361109642475096,0.1288507038534787,0.2077661868364051,0.1381692951906797,0.1819528121082456,0.5361109642475096,0.3135520451043143,0.1077111964654163
AD017,adversarial_debiasing,fairness,,,none,none,none,3,,0.1,300.0,128.0,True,0.4431437425449401,0.2745098039215686,0.2603719599427754,0.2672540381791483,-0.0165165165165165,-0.0001426940639269,-0.0045096184169031,0.0418390417730668,-0.0129462762905939,0.2481911524096388,0.4754649275679271,0.4509774634871755,0.4628975726542373,0.0286074457706571,0.0002471533686599,0.0078108882208246,0.0314231636271232,0.022423608304133
AD018,adversarial_debiasing,fairness,,,none,none,none,3,,0.1,300.0,200.0,True,0.4221227215239191,0.2653721682847896,0.234620886981402,0.249050873196659,-0.1113701113701113,-0.1305704099821747,-0.0134711779448621,-0.0030932558219011,-0.09660825314443,0.2117817459695207,0.4596380783839738,0.4063752967686636,0.4313687660460074,0.1928986913376372,0.2261545840542251,0.0233327646383025,0.0969540770222893,0.1673304028766285
AD019,adversarial_debiasing,fairness,,,none,none,none,3,,0.5,50.0,64.0,True,0.4321327315339291,0.2329317269076305,0.3319027181688126,0.2737463126843658,0.0014245014245014,0.002020202020202,-0.005664658025173,0.0316098054295479,0.001010101010101,0.2291195557856178,0.4034495856987746,0.5748723710385973,0.4741425219539582,0.0024673088426907,0.0034990925405432,0.0098114755071025,0.0401459866462655,0.0017495462702716
AD020,adversarial_debiasing,fairness,,,none,none,none,3,,0.5,50.0,128.0,True,0.7160064255872639,0.7629456676953071,0.8830563809104581,0.811473549168526,-0.0298342398342398,0.0362191898703055,-0.0182061761009129,0.0655558657942465,-0.034518190634428,0.020297235551609,0.0624867905679944,0.1296804521150919,0.025667190342627,0.0495433635408375,0.0734005272597262,0.0620690476595395,0.0862823721207799,0.080387119256518
AD021,adversarial_debiasing,fairness,,,none,none,none,3,,0.5,50.0,200.0,True,0.4331337325349301,0.2332332332332332,0.3333333333333333,0.2744405182567727,0.0,0.0,-0.0210210210210209,0.0164643664643664,0.0,0.2308533370655079,0.4039718099735219,0.5773502691896258,0.4753449212762642,0.0,0.0,0.0364094764353817,0.0520522214190451,0.0
AD022,adversarial_debiasing,fairness,,,none,none,none,3,,0.5,150.0,64.0,True,0.300000599401797,0.0,0.0,0.0,0.0,0.0,0.0,0.0374853874853874,0.0,0.0005190971832817,0.0,0.0,0.0,0.0,0.0,0.0,0.0317539822206958,0.0
AD023,adversarial_debiasing,fairness,,,none,none,none,3,,0.5,150.0,128.0,True,0.300000599401797,0.0,0.0,0.0,0.0,0.0,0.0,0.0374853874853874,0.0,0.0005190971832817,0.0,0.0,0.0,0.0,0.0,0.0,0.0317539822206958,0.0
AD024,adversarial_debiasing,fairness,,,none,none,none,3,,0.5,150.0,200.0,True,0.300000599401797,0.0,0.0,0.0,0.0,0.0,0.0,0.0374853874853874,0.0,0.0005190971832817,0.0,0.0,0.0,0.0,0.0,0.0,0.0317539822206958,0.0
AD025,adversarial_debiasing,fairness,,,none,none,none,3,,0.5,300.0,64.0,True,0.447780115444786,0.5972799894368522,0.2579937150752601,0.3121140142517815,-0.1383190883190883,-0.1253221873911529,-0.3093961756242457,-0.1240790086776673,-0.1192432192994411,0.1940901335477717,0.5215863306718,0.3546366509844009,0.3807585391373578,0.1510974375347938,0.1127113813039647,0.5662724383947512,0.3173205962985596,0.1388586488487588
AD026,adversarial_debiasing,fairness,,,none,none,none,3,,0.5,300.0,128.0,True,0.300000599401797,0.0,0.0,0.0,0.0,0.0,0.0,0.0374853874853874,0.0,0.0005190971832817,0.0,0.0,0.0,0.0,0.0,0.0,0.0317539822206958,0.0
AD027,adversarial_debiasing,fairness,,,none,none,none,3,,0.5,300.0,200.0,True,0.3598808389227551,0.2829457364341085,0.1039886039886039,0.1520833333333333,-0.1225071225071225,-0.1398467432950191,-0.2829457364341085,-0.1141803659245519,-0.1060344827586207,0.1031965200364115,0.4900763912888683,0.1801135455164217,0.2634160603177667,0.2121885604714009,0.2422216646600154,0.4900763912888683,0.2332490006374575,0.1836571114922171
