config_id,n_splits,mean_Accuracy,mean_Precision,mean_Recall,mean_F1-Score,mean_Demographic Parity Diff.,mean_Equal Opportunity Diff.,mean_Predictive Parity Diff.,mean_Average Predictive Value Diff.,mean_Average Odds Diff.,std_Accuracy,std_Precision,std_Recall,std_F1-Score,std_Demographic Parity Diff.,std_Equal Opportunity Diff.,std_Predictive Parity Diff.,std_Average Predictive Value Diff.,std_Average Odds Diff.
logistic_regression|none|none|pre=none|tune=none|post=none,3,0.7459885034735335,0.7822402782023343,0.8828546274898206,0.829453370977336,-0.04241395241395244,-0.017142231099794552,-0.058307903943051076,-0.004938681908003136,-0.01684847092993221,0.021912079610812724,0.012080201951806297,0.023654350887202184,0.01581519368438509,0.03512058738595335,0.021763738670809624,0.035212562788819894,0.042635643404600056,0.0203267751576899
logistic_regression|none|none|pre=none|tune=none|post=calibrate_equalized_odds,3,0.7439924954895014,0.7678379167324726,0.9100302018756953,0.8326912098638016,-0.08151767151767153,-0.0482028371604006,-0.049249860030778025,-0.018896998526587955,-0.06635687899373999,0.0066702897332752,0.014953146997624758,0.018434243150716553,0.0009729480380895087,0.04322648032282566,0.056149405335978377,0.059512120321592706,0.05747525201051877,0.06983195521869735
logistic_regression|none|none|pre=none|tune=none|post=reject_option_classification,3,0.7339974705244167,0.864448616325963,0.7356969052248021,0.7946166902654243,0.01182364182364178,0.08055436271071603,-0.021086763429826145,0.07267141603077713,0.03180092995078299,0.006393026919176889,0.011441025359410613,0.023906345672484244,0.00937068540832357,0.01734335797890745,0.07280218769616612,0.017286784929637006,0.08000609652107253,0.0078060482061924116
logistic_regression|none|none|pre=none|tune=random|post=none,3,0.7429855004705305,0.7724477244772446,0.8971302104349315,0.8301325370632302,-0.004268604268604277,0.020202821863919713,-0.06301429743709686,0.0265151240597911,0.01778392366540636,0.021961927042662695,0.013970254233211007,0.01498522951156703,0.014456979316960926,0.03482702682935165,0.055828874893342546,0.061277224799212306,0.08400202220667286,0.011770609921865752
logistic_regression|none|none|pre=none|tune=random|post=calibrate_equalized_odds,3,0.7359814904725085,0.7615055259800277,0.9071384028465573,0.8279081589342759,-0.020910630910630907,0.013447771358869173,-0.053433175378422404,0.04174174193838457,-0.008972906558289232,0.017117945674492787,0.013741091896394223,0.013155642033797382,0.010647044965175512,0.05991122461940983,0.06435437935070736,0.07015322759469902,0.05827716982223312,0.0731092234920118
logistic_regression|none|none|pre=none|tune=random|post=reject_option_classification,3,0.7329784874695053,0.8576789339290688,0.7427766161671742,0.7951727331549518,-0.02646940646940647,0.03147812280463924,-0.02329830155953805,0.05343652244593322,-0.0015987255615838303,0.02139071194236624,0.02207437089875288,0.04886385473897273,0.02244956776547201,0.01586303303421456,0.06385121501254443,0.04218983929979658,0.08853245223820008,0.026363876544843342
random_forest|none|none|pre=none|tune=none|post=none,3,0.7660055264845683,0.7884519556872354,0.9099935194355795,0.8448501510541474,-0.0339114639114639,0.017046256207354043,-0.03900474506790156,0.053183208475428845,-0.0209365513661523,0.012930388870420651,0.010728687872472711,0.007541818100120391,0.007952398457212559,0.0348317372111027,0.06435587886640408,0.03887993955393338,0.104570400815262,0.01376260330369671
random_forest|none|none|pre=none|tune=none|post=calibrate_equalized_odds,3,0.7459944974915035,0.7620469314661914,0.9271609014098284,0.8364225792260198,-0.08431802431802433,-0.007385561974464124,-0.014173434032559365,0.09552782872220493,-0.09697317106949711,0.023021125528375975,0.019341201384381387,0.012692566016641083,0.013028208989200816,0.08616051166126454,0.07240144672315788,0.06826022933824058,0.0627935931900434,0.11898896337396915
random_forest|none|none|pre=none|tune=none|post=reject_option_classification,3,0.7669795544047041,0.850874605047775,0.8099238227993594,0.8291510248891507,-0.02940975940975939,0.00021097390588768286,-0.05790032075094539,0.009891759850856127,0.012104761084977994,0.02139638305483793,0.020902932520396725,0.04622980588051846,0.019767396607932686,0.016794685348536075,0.04550027047545381,0.036273234428722136,0.058531278455593916,0.01277836157254116
random_forest|none|none|pre=none|tune=random|post=none,3,0.7570025114935294,0.8038185146904672,0.8685973857647676,0.833264637253999,-0.02938742938742937,0.011981217745826353,-0.044071013582937746,0.04382312372233408,-0.005141724649063817,0.007816224714442523,0.03743571474045254,0.05590820968420133,0.00545658480874585,0.045078929614042085,0.04783788430553893,0.030455499489291063,0.05407064553393576,0.02440289172176074
random_forest|none|none|pre=none|tune=random|post=calibrate_equalized_odds,3,0.7550095005184826,0.7982302894745144,0.8757443478473522,0.8331408498639159,-0.02269227269227266,0.009455965220573867,-0.05421824665700011,0.029177348820041065,0.0030159389433823958,0.010186608695841698,0.039507965429867925,0.06484530332119942,0.00953872081216951,0.031171617070276436,0.05195631345164468,0.05247365833051073,0.04202338610557741,0.03507641055824528
random_forest|none|none|pre=none|tune=random|post=reject_option_classification,3,0.7299874725024426,0.8640555911837176,0.7299561033466612,0.7896954682296534,-0.029104559104559075,0.00926260156372131,-0.040083361881959746,0.027664880126413327,0.004184297345265431,0.03476902238559719,0.01207257544476194,0.07164866876817255,0.03863220493808004,0.029118509470816692,0.027784615113259914,0.057134123473329204,0.024851056674022598,0.04605891062900429
gradient_boosting|none|none|pre=none|tune=none|post=none,3,0.7570174965384546,0.7954811409009882,0.8785872369563358,0.8349180096905991,-0.04576611576611578,-0.005525418681521936,-0.044247352941011044,0.021903889978416042,-0.027036123708845766,0.030984783900169562,0.015436328865713365,0.03153437884363244,0.022294062868327448,0.04729627496603426,0.027141504128087007,0.035219594334900024,0.059022841112750815,0.03867600844074883
gradient_boosting|none|none|pre=none|tune=none|post=calibrate_equalized_odds,3,0.7380074685463907,0.7756343491685378,0.8814484672853773,0.8247061333694949,-0.06579614579614579,-0.009692085348188587,-0.029516268578655896,0.04795429136169419,-0.06500655381637262,0.007131087990524084,0.013654310052779726,0.03639160749783628,0.008932882075482172,0.06818141008789648,0.03394171268289068,0.06231507710900749,0.019406325582706534,0.08449274005069705
gradient_boosting|none|none|pre=none|tune=none|post=reject_option_classification,3,0.7239964515413617,0.8714688147799752,0.7185356369905728,0.7765938814551482,-0.01435337435337434,0.014719863196133757,-0.06228929345041249,0.006078780918328243,0.023620809365182186,0.08263973992601713,0.040754824748882194,0.17516873029210506,0.09564631441233026,0.048477574017444576,0.034112409648780394,0.013763945609251387,0.04600987024074674,0.028018692158729555
gradient_boosting|none|none|pre=none|tune=random|post=none,3,0.7629935324546103,0.7833652384146061,0.9186383478228972,0.8445103631496328,-0.042508102508102476,0.0064372819023545596,-0.037863287471576634,0.06247999588018568,-0.025703096538877906,0.024668311410243855,0.036522766570908576,0.04196257911127434,0.011902994940849324,0.05350945216754584,0.03476952132557445,0.045566414849358326,0.10092311365768361,0.03387925845735036
gradient_boosting|none|none|pre=none|tune=random|post=calibrate_equalized_odds,3,0.7509935084785383,0.7680068226120857,0.9272220388100217,0.8389581351721159,-0.058819798819798784,-0.005873324158251481,-0.03549627839387437,0.05653517235249365,-0.05228071529303944,0.01061918695047009,0.03014589513425131,0.04918589984307291,0.005155758193556779,0.03749512167282155,0.03309193718628975,0.06536232160914385,0.07522645980235182,0.04499454823780719
gradient_boosting|none|none|pre=none|tune=random|post=reject_option_classification,3,0.7539995084905264,0.8468637825500571,0.7914358729809373,0.8171695904138794,0.01696262696262696,0.03389526324120925,-0.07978951290668945,0.0028947875939392595,0.06484435742295529,0.04504705616665838,0.006144536046101545,0.07309551567737535,0.040887365100390406,0.019402302594914298,0.06426725809010495,0.028596877844537953,0.05902611143749519,0.0303367792112364
logistic_regression|none|none|pre=reweighing|tune=none|post=none,3,0.7469895044745344,0.7818363927220252,0.8857097440788428,0.8305235066311849,-0.03247961247961251,-0.020679259880474105,-0.07094363531145143,-0.023862131046039087,-0.0003020447430224042,0.0150633818804339,0.009540139761679878,0.01316661159744325,0.010383342658370324,0.03282779862550714,0.02497625892941064,0.043249185299691226,0.05597441703714338,0.021607328126890993
logistic_regression|none|none|pre=reweighing|tune=none|post=calibrate_equalized_odds,3,0.7409894924864985,0.7675648131772324,0.9043016274775931,0.8302071313638364,-0.06026432026432027,-0.039618653819868066,-0.061376555621093974,-0.02398434610661528,-0.03919164197764071,0.01090311827564644,0.01506280356237421,0.010558496274910878,0.004396478186457236,0.03611300521557001,0.04354920913402365,0.058973993528055345,0.030544136628928655,0.0571863476549537
logistic_regression|none|none|pre=reweighing|tune=none|post=reject_option_classification,3,0.7300054545563528,0.8610013621078618,0.732860129855838,0.7916136800757316,0.007088137088137048,0.07740098791409607,-0.017101688039869705,0.0747702063783832,0.025120611572264195,0.005597514250997488,0.011575853690283478,0.01726261562140995,0.006473417458416341,0.007925355277724158,0.08100512320592942,0.015701400759505248,0.08185166029041896,0.018856691292179914
logistic_regression|none|none|pre=reweighing|tune=random|post=none,3,0.7369854884824946,0.8004361362294942,0.839911717594121,0.8148720885904113,-0.024095284095284053,-0.010733047710144902,-0.0715764922913071,-0.0101689213647434,0.006018223075367239,0.027112577073045832,0.039605847805717166,0.11417804490689584,0.03798748984370618,0.01792052420641912,0.026804104028445123,0.03724164855113388,0.05998261088532162,0.01767293421056648
logistic_regression|none|none|pre=reweighing|tune=random|post=calibrate_equalized_odds,3,0.7299814784844725,0.791420812934451,0.8456280645121846,0.811929845596782,-0.032113302113302065,-0.011427492154589344,-0.0648172460056492,0.002174609864800651,-0.010189214200618413,0.02197124436571114,0.04837618552912127,0.11935028803735016,0.03549434176169288,0.03070690196878245,0.04332034508931926,0.045880417131102934,0.046612717970826716,0.04196912942806285
logistic_regression|none|none|pre=reweighing|tune=random|post=reject_option_classification,3,0.7289834744924565,0.8589373865573372,0.7342173801401269,0.7909874106521338,-0.006064386064386085,0.049830905473080854,-0.031622329440984163,0.05404023827672006,0.01984503944290428,0.018684424857450775,0.0211291357905514,0.04148091866713732,0.01945839320772607,0.009599014848164342,0.06940958321885217,0.03340564276844452,0.09048003187922847,0.017313178897195008
random_forest|none|none|pre=reweighing|tune=none|post=none,3,0.7580095065125004,0.7877068026190832,0.895742391450546,0.8381950756093203,-0.0313106113106113,0.0007843516158556607,-0.054019391182386856,0.015502985945878345,-0.008117805901839803,0.008232881326848523,0.0022416568908962746,0.017570432512718715,0.007159930957484717,0.036297647454019734,0.06803204824241985,0.039649693610716234,0.11684205921692274,0.024410641302616266
random_forest|none|none|pre=reweighing|tune=none|post=calibrate_equalized_odds,3,0.7399944855034676,0.7648369692704667,0.9100485430957533,0.8306261190734032,-0.08283983283983283,-0.019733325151821097,-0.02525464371065093,0.06123307700507339,-0.08569977035705108,0.02892549384207562,0.029301919207884965,0.029739010594620585,0.01598780229248666,0.08084102186759895,0.08153181419793966,0.041472226806581206,0.04995387539179203,0.10121330248383921
random_forest|none|none|pre=reweighing|tune=none|post=reject_option_classification,3,0.7099584614554675,0.8686242379475368,0.6912989252045046,0.7677278956739118,0.020097300097300153,0.042451158617209384,-0.07713891863450321,0.01192983573383626,0.06294832645229374,0.04092798130479059,0.020237818979295302,0.080932048313267,0.04469718267774435,0.02218692966600839,0.05229215807682008,0.040095541530144004,0.04043162336810639,0.042581340934515405
random_forest|none|none|pre=reweighing|tune=random|post=none,3,0.7509785234336133,0.811728672586265,0.8456830881723585,0.8250169423592665,-0.012771582771582782,0.027553598377843325,-0.04878850721957958,0.051171146495603316,0.015141389955224988,0.021363590733179286,0.04089044287955523,0.0899925645216623,0.026490753582679043,0.04598429988005968,0.050957771585060416,0.027361825032126925,0.06691045332853827,0.026216264977577668
random_forest|none|none|pre=reweighing|tune=random|post=calibrate_equalized_odds,3,0.7459855064645483,0.8044445342920068,0.8499688199259015,0.8228079865178451,0.00010591010591013787,0.029068749892994832,-0.06145463363289405,0.04399297013123923,0.029485922234539858,0.015450215880042405,0.04370288028392359,0.09419075658331559,0.024513661818091264,0.027498136007528103,0.05669851550940048,0.05070875751578642,0.057213597315792834,0.028438813792168116
random_forest|none|none|pre=reweighing|tune=random|post=reject_option_classification,3,0.7399944855034676,0.8549839806759741,0.7585561791570375,0.8011029564558313,-0.0179355579355579,0.024264195414929007,-0.04085316092798604,0.03035543633033134,0.014273408206714027,0.046790899215709836,0.013483634881959113,0.09700800810302052,0.04946747690950155,0.0011444214058638714,0.05542218387817898,0.051464541289232564,0.06422904364511067,0.03217010878030209
gradient_boosting|none|none|pre=reweighing|tune=none|post=none,3,0.7610095125065185,0.7949898327805305,0.8871587004634215,0.8385238065951497,-0.01991242991242992,-0.003443099266302226,-0.06894758541432493,-0.00960606783943759,0.014366883230213484,0.03404478090045156,0.017917957158339052,0.031540821496600494,0.023979152457885716,0.04212599447973119,0.02056778927393504,0.03183468483019048,0.059973752960779274,0.03709730234615241
gradient_boosting|none|none|pre=reweighing|tune=none|post=calibrate_equalized_odds,3,0.7500074925224626,0.781865903024217,0.8914505459569838,0.8329125930635634,-0.02119644119644119,-0.00270780514865517,-0.06634862606605092,-0.007740885187316897,0.005729153944950975,0.02199969873442435,0.004681136105956508,0.034836473139094125,0.017463869601265117,0.05451089994232941,0.032540340466530565,0.04632685577156301,0.027710410612576546,0.05410047258040699
gradient_boosting|none|none|pre=reweighing|tune=none|post=reject_option_classification,3,0.7190453926980873,0.8625826484363555,0.7129843610530305,0.7768066991718882,0.006238336238336213,0.046354264462401686,-0.045583750034054314,0.02854457965504077,0.03720453067119985,0.06683721672401371,0.010113221811252833,0.12025975516442705,0.06716896238984428,0.030064190242577095,0.06220578233283744,0.040671115027551476,0.05086827438227576,0.023140503257799334
gradient_boosting|none|none|pre=reweighing|tune=random|post=none,3,0.7530104955254656,0.7813000585398066,0.8985913942995488,0.8358327155213382,-0.012258272258272251,0.001035008662860215,-0.07143689411499599,-0.004845934749058904,0.016307080539364638,0.027095562264941423,0.014447996128061327,0.02463727011123897,0.01866968910631927,0.014900132517211883,0.016035395477213457,0.06561977308325233,0.03084426257240052,0.012158951051073461
gradient_boosting|none|none|pre=reweighing|tune=random|post=calibrate_equalized_odds,3,0.7430064795334257,0.7704085660259588,0.9014526246285902,0.8307112217610575,-0.02337862337862336,-0.003068526690675144,-0.06369272243381867,0.002832871052152334,-0.0037476480225518602,0.01744372617593112,0.005838525127350564,0.02594451641410919,0.013344549115938242,0.03055874800614751,0.015993493772351066,0.08194659757091766,0.036205503074255546,0.05284450274465517
gradient_boosting|none|none|pre=reweighing|tune=random|post=reject_option_classification,3,0.7569995144845444,0.8498476112825889,0.7928420331853809,0.8202354247301237,-0.002428722428722385,0.012276395972282214,-0.07642857643480876,-0.003716604049601687,0.04441953128666686,0.024027703266231736,0.011941796444653137,0.02936227887900992,0.01999712014798901,0.009717074623989633,0.02576869076161365,0.04855917326433896,0.02919066835976323,0.020663831542165972
logistic_regression|none|one-hot|pre=none|tune=none|post=none,3,0.7460124795454136,0.7896248784046692,0.8685851582847292,0.8272242915216973,-0.03655977655977657,-0.004932266059971731,-0.05309006920944189,0.01697350101465504,-0.015136424935532819,0.015075646635901737,0.009855634887767126,0.010522378887615308,0.010134826406545524,0.03309149553323113,0.03095192635450794,0.03056219407060387,0.05282892099100094,0.03329676790773059
logistic_regression|none|one-hot|pre=none|tune=none|post=calibrate_equalized_odds,3,0.7440194685703668,0.7740315325048149,0.895760732670604,0.8303478234097442,-0.0712136612136612,-0.036245397373103096,-0.04665313508445579,-0.003513528614282132,-0.058188970021738506,0.016860276512991147,0.0028175790959829253,0.02823862590513728,0.01371436018690995,0.044303474651352925,0.06410112170484429,0.06106795530530692,0.06808662931448425,0.0621008495158308
logistic_regression|none|one-hot|pre=none|tune=none|post=reject_option_classification,3,0.694991398584213,0.8733391608391607,0.6613660540699168,0.7515710884941367,-0.011729701729701761,0.04612030899733396,-0.018963887532047103,0.056400543774963036,0.00735198212758031,0.019497108463919353,0.023550028269265444,0.048362396014116724,0.025252816945550066,0.029151475600207845,0.040592973955864725,0.03524499220628278,0.034467526799326874,0.01674962565523824
logistic_regression|none|one-hot|pre=none|tune=random|post=none,3,0.7360294426162689,0.8024271404597884,0.8330276463323673,0.8134804402796371,-0.009785029785029745,0.024229673081926546,-0.04583386542557296,0.021706908086274974,0.01852420966990531,0.029590562946186123,0.03647911494761749,0.10416108594648385,0.03643094173554209,0.0332577765952491,0.04083301345825271,0.023606684948795302,0.07959604277986917,0.02848907812994522
logistic_regression|none|one-hot|pre=none|tune=random|post=calibrate_equalized_odds,3,0.7320404236571901,0.77530401674806,0.871587004634215,0.8182972953685863,0.034592424592424585,0.05257563267788612,-0.07569738226081746,0.008431178173420706,0.05985941480682853,0.03504009920401946,0.01463050652282278,0.09642783254855895,0.03698020529835444,0.16534637454373202,0.17497475271960905,0.07765982220677085,0.09936612953349298,0.19141657098444834
logistic_regression|none|one-hot|pre=none|tune=random|post=reject_option_classification,3,0.6729843616071162,0.897386740803268,0.6027903109448174,0.7194338371173101,-0.00559818559818559,0.05180122026623731,-0.015730332369808437,0.05751773897217061,0.01672750497658543,0.031580000617424345,0.020778650741694715,0.062211356457086954,0.04105209770924022,0.031212348444127375,0.08008746720361483,0.03761406376138256,0.04317644733020808,0.051042341074521234
random_forest|none|one-hot|pre=none|tune=none|post=none,3,0.7620045194895494,0.7817273122961658,0.9157343213137205,0.8433928348260107,-0.043460803460803464,-0.013737867715471955,-0.05542883297574878,-0.00484505043094513,-0.021150693656953507,0.005967403134668735,0.002309884782792752,0.014872912572631623,0.005334076633718025,0.017170934510808943,0.05184950305473555,0.041428233141783614,0.08223015347867883,0.015542628171586999
random_forest|none|one-hot|pre=none|tune=none|post=calibrate_equalized_odds,3,0.7359844874814935,0.7509637194325158,0.9343323184524901,0.8321240936152222,-0.10948220948220948,-0.04018988791749215,-0.020785618831720736,0.033271039935552194,-0.11977876079396173,0.013517883694225167,0.024200174662692687,0.028976471188470004,0.0030530097992799653,0.08109411194028462,0.07170831980794885,0.083273567503314,0.02762945330529842,0.12350699217622445
random_forest|none|one-hot|pre=none|tune=none|post=reject_option_classification,3,0.7059904215592838,0.8734124817712662,0.6785273223041464,0.7633396875549421,-0.011279531279531296,0.0006868821589986288,-0.07835842908611816,-0.007704076864579783,0.03740443449337529,0.02400153986085796,0.0179707742861879,0.035666846659623434,0.023851442277089033,0.04700041377218695,0.04941793638067098,0.024316621783406205,0.06877769832760257,0.045345914208656565
random_forest|none|one-hot|pre=none|tune=random|post=none,3,0.7479935024845205,0.7697519188078309,0.9200995316875145,0.8361538105215148,-0.02651525651525651,0.0020465603827881282,-0.05362057759136026,-0.014496455509111383,-0.005723088418302204,0.010621935976066853,0.03866792490325039,0.06647482230666482,0.006106290705751082,0.037899127803948766,0.018533105484955525,0.046075306542058624,0.10843740164081486,0.03673594113193433
random_forest|none|one-hot|pre=none|tune=random|post=calibrate_equalized_odds,3,0.7379894864924804,0.7552480174156431,0.9358301847572233,0.8333103764921947,-0.05414596414596414,-0.012726166889939142,-0.04552906117345046,0.10681049630512313,-0.04736027019398329,0.02851947703222338,0.0469218272258453,0.07184789756053331,0.013161359442270416,0.027781776806258682,0.04569815970131989,0.05845900774973958,0.18390221479996718,0.059443437285813125
random_forest|none|one-hot|pre=none|tune=random|post=reject_option_classification,3,0.7449904994815174,0.8491285664718285,0.7742318085665726,0.8075954262450648,-0.041007091007091025,-0.023930244468638118,-0.06555542717578085,-0.009039031838645286,0.0033081444996031634,0.0472681275701486,0.014514185011710132,0.09184697249035778,0.04827477797380995,0.005298382324179875,0.04566458537829427,0.034454370518530966,0.055010945583717025,0.021126479234825402
gradient_boosting|none|one-hot|pre=none|tune=none|post=none,3,0.7410254565943188,0.7772933592676275,0.8828851961899172,0.8267225418579094,-0.015402605402605407,-0.026087807834661025,-0.0898200226035684,-0.05295739377211058,0.021552009076936385,0.03260647751664564,0.018356929309848013,0.02738096195028711,0.022341549663408896,0.06313145774098856,0.05680552576726515,0.06178118117361032,0.04151643687727718,0.050820164746106004
gradient_boosting|none|one-hot|pre=none|tune=none|post=calibrate_equalized_odds,3,0.719009428590267,0.7535055640087185,0.8914627734370223,0.8161156513949374,-0.04711431711431709,-0.030948918945772157,-0.06573616230020525,0.002458485932010257,-0.035582847553888,0.010136362461957635,0.018953979350922023,0.03828857121678678,0.008023759341926548,0.1368815386814497,0.07138167783584724,0.1029141079616588,0.09598141266104276,0.18083474242814898
gradient_boosting|none|one-hot|pre=none|tune=none|post=reject_option_classification,3,0.709005412598227,0.8467829776698089,0.7128437450325862,0.7730963902513105,-0.013936383936383892,-0.0014417196359942652,-0.07385726448304808,-0.006024499683670821,0.02818970258614319,0.048276154423301736,0.017303196939526134,0.06914818101290636,0.04608867687377243,0.02007201474657811,0.05738576347109802,0.04722053270685994,0.04774744770330261,0.028648407289427053
gradient_boosting|none|one-hot|pre=none|tune=random|post=none,3,0.7500224775673878,0.7785422860533614,0.8986097355196069,0.8342299745744085,-0.020814940814940803,-0.02038457282542283,-0.08113414594119539,-0.039751473960874806,0.014875379245121815,0.039642967248554824,0.02495667853492128,0.030203996865968575,0.026290238289803054,0.027770559691450244,0.017116975912357217,0.040538279154076956,0.052329251631327386,0.023090741706531314
gradient_boosting|none|one-hot|pre=none|tune=random|post=calibrate_equalized_odds,3,0.7340154525783268,0.7554495563420014,0.9172077326583764,0.8281682430583012,-0.06806449806449806,-0.04689972434057436,-0.05968020311224272,-0.043813711340742044,-0.05359296478423203,0.01798263232362907,0.008484416877161473,0.04025451154614179,0.015381364136899476,0.052037807630595255,0.0347174600445229,0.07481844190213807,0.03594411874079411,0.07787307554134429
gradient_boosting|none|one-hot|pre=none|tune=random|post=reject_option_classification,3,0.7179904455353556,0.8656551436604941,0.7071090568944647,0.7760289040465613,-0.004721364721364733,0.03331998575041587,-0.04937445147169698,0.027459736962504245,0.028580221216046007,0.053199968287283454,0.005716940304060822,0.09242859630248274,0.05648079709454901,0.02706312955986487,0.01804996622405637,0.04009545510136237,0.020014605510704518,0.013386438010906387
logistic_regression|none|one-hot|pre=reweighing|tune=none|post=none,3,0.7420054785324247,0.7870235788113695,0.8657178142156683,0.8244966498744742,-0.031768271768271794,-0.007373780877490336,-0.06001897104053248,0.006165470674112827,-0.006594873345989886,0.012915075327794128,0.008573608055558601,0.008846199426870425,0.00868165092083549,0.037763239892863336,0.018293385927700277,0.02754151024751837,0.052703605730624645,0.03797230610777362
logistic_regression|none|one-hot|pre=reweighing|tune=none|post=calibrate_equalized_odds,3,0.7360054665443888,0.7725099635215905,0.8828729687098785,0.8239784534965259,-0.0471113071113071,-0.016780346534055985,-0.053240001673038696,0.011015974299455777,-0.031175045686505847,0.0056062784181011415,0.001198465149659194,0.01287334161770572,0.005078779057507132,0.029286567730071145,0.04957936762289136,0.052883988883737104,0.0518816369621114,0.04528524671019785
logistic_regression|none|one-hot|pre=reweighing|tune=none|post=reject_option_classification,3,0.7039944135752519,0.8665080468947872,0.6828191677977085,0.763450716039214,-0.03174055174055174,0.02976609751127664,-0.008906560846531186,0.060051275591557964,-0.013390533751353795,0.008931336690268214,0.01799317252219697,0.02302115632622149,0.010148756549305273,0.019049566507214913,0.04107913167777719,0.028572947359772602,0.04050010564340108,0.018954875230466656
logistic_regression|none|one-hot|pre=reweighing|tune=random|post=none,3,0.7410044775314236,0.7727495130129919,0.8928995023415625,0.8281912631527198,-0.0014442414442414158,0.007981117827529268,-0.07332331116581019,-0.01090107357232308,0.029196631598983985,0.014058849996253977,0.009022342788240835,0.034880050062474174,0.012582671469038064,0.06412209559812418,0.029510435017164,0.04174712812504444,0.09353021714740126,0.06800312867069573
logistic_regression|none|one-hot|pre=reweighing|tune=random|post=calibrate_equalized_odds,3,0.7340034645423866,0.7620004255691989,0.9029015810131691,0.8259100296548141,-0.003966763966763913,0.00867556227197371,-0.07152570970523331,-0.014451527291289087,0.019328800057765345,0.006713746987048395,0.013047829140119026,0.04364168344819941,0.010266738527010771,0.04307434266194822,0.05163309721183312,0.04349414212369873,0.09139536048836926,0.034371566338744115
logistic_regression|none|one-hot|pre=reweighing|tune=random|post=reject_option_classification,3,0.7150024275772778,0.859507798246785,0.7142804739371263,0.7762449140145788,0.008409318409318392,0.05517409254679669,-0.039058889131474116,0.04165409243845559,0.035231727752692656,0.02561195623013409,0.04232141189167062,0.09018472461678659,0.03758844486774896,0.03619524308052417,0.04214195839931576,0.018823396809106684,0.054635550450280436,0.020811611439645775
random_forest|none|one-hot|pre=reweighing|tune=none|post=none,3,0.7590135045224865,0.7767897591219146,0.9200261668072827,0.84229365045263,-0.034684124684124705,-0.014495796063948907,-0.06330979228915556,-0.014645527561141328,-0.009447852101346096,0.016765068692647576,0.004017547315303572,0.024992631953949417,0.012692674698936606,0.03942712848844903,0.030793554367853436,0.04667224913705866,0.09563390857408086,0.060810300608945725
random_forest|none|one-hot|pre=reweighing|tune=none|post=calibrate_equalized_odds,3,0.7309914705124285,0.7458306751727805,0.9357629336170108,0.8296283169173407,-0.09801052801052801,-0.03684428091243371,-0.02718253742332925,0.02975628285957116,-0.10684229087902469,0.007386752918099244,0.01863452447272298,0.02980188273041699,0.0007953678336013625,0.057629629114238475,0.056760839666277214,0.07187013254818121,0.035339406950868284,0.08784008025858367
random_forest|none|one-hot|pre=reweighing|tune=none|post=reject_option_classification,3,0.7299904695114275,0.8512429764782282,0.7456500739762543,0.7942125351296703,-0.022738402738402736,0.005992505145371307,-0.057110865951843524,0.014923911753422966,0.014134224899482068,0.013363887552396753,0.023149189911936062,0.03898540262151053,0.015038207383448444,0.03393695309814391,0.04851016057809894,0.011096903395290398,0.06285096291125267,0.022018535260323355
random_forest|none|one-hot|pre=reweighing|tune=random|post=none,3,0.7560105015194836,0.7664170114674637,0.9371813213014929,0.843062368852312,-0.01786394786394785,0.0021428475199071575,-0.06450806368437319,-0.0001640847522395202,0.0033540119508609725,0.011792968352916981,0.002738329679829979,0.030277332533375084,0.01053154448116603,0.03331633542753465,0.016014566337481845,0.050572736742014165,0.07606602469878135,0.03648442973949346
random_forest|none|one-hot|pre=reweighing|tune=random|post=calibrate_equalized_odds,3,0.7440044835254417,0.751159844109227,0.9500568577821796,0.8385432686544809,-0.05223832223832222,-0.016102101975042322,-0.04999732777510557,-0.0005923197443665577,-0.04714683275142131,0.016966785733589368,0.01848255662063518,0.0347343728197193,0.010697918113513477,0.014204756242846941,0.022267407562156616,0.062378274985033545,0.036976254068499984,0.03760859652259088
random_forest|none|one-hot|pre=reweighing|tune=random|post=reject_option_classification,3,0.7409924894954836,0.8464588757520314,0.7713828057175697,0.8039104725845473,-0.022987742987742976,0.0006916184546849428,-0.06280938541171432,0.0018082937919731052,0.017044155724721958,0.052953531878034234,0.016044949415445865,0.10667526892455771,0.055143797439396576,0.017951752345542863,0.05829478593105314,0.03294975261509714,0.06944711463246271,0.00914621513980896
gradient_boosting|none|one-hot|pre=reweighing|tune=none|post=none,3,0.7430334526142909,0.7792411016595526,0.8828974236699558,0.8278286956206174,-0.003433923433923495,-0.012725088067032838,-0.09030110955625174,-0.039155432655946336,0.03346669245180628,0.03579373376639953,0.020285636976918247,0.02984968810677472,0.024566073515684576,0.05918163898911963,0.0517114285369905,0.05092109917537827,0.04629870370703182,0.04567478690566956
gradient_boosting|none|one-hot|pre=reweighing|tune=none|post=calibrate_equalized_odds,3,0.728027428626231,0.7610867446393762,0.8914811146570804,0.8208345032996256,-0.019732949732949773,-0.018239793949385758,-0.07876553805692514,-0.03398288500152111,0.002886758865468538,0.023942956787474132,0.011834977045204793,0.04095983887294515,0.01889239165025289,0.11048947789032647,0.07336109281358681,0.07983102116351365,0.03623462269897442,0.1289720484448301
gradient_boosting|none|one-hot|pre=reweighing|tune=none|post=reject_option_classification,3,0.6940323557090023,0.8626873328657214,0.6686414046929068,0.751549511918018,0.014356174356174386,0.05627467434634207,-0.0432328999976059,0.036143229724757336,0.04261358447679709,0.059556189506847594,0.009649623170685736,0.09002080510261681,0.05936394618279827,0.008119647410083898,0.06463842814261667,0.047733703782796906,0.06727639370689051,0.03578350568753536
gradient_boosting|none|one-hot|pre=reweighing|tune=random|post=none,3,0.7540264815713917,0.7802564651619064,0.9028954672731496,0.8370762972824557,-0.03743078743078743,-0.026490905189604803,-0.07036465000563082,-0.025715256123981827,-0.009327816053706786,0.02826217499366719,0.01671973062306487,0.02410839017434188,0.01911728843087873,0.04052404961819652,0.025963908592221602,0.048791907163784135,0.03313106529610895,0.027108160805236203
gradient_boosting|none|one-hot|pre=reweighing|tune=random|post=calibrate_equalized_odds,3,0.7400214585843329,0.7612697791688401,0.9157710037538364,0.8312237188886024,-0.07020433020433021,-0.04486211731081694,-0.05534287844007579,-0.02343670744854141,-0.058686010551277146,0.019530111093418064,0.005607751988442822,0.03438348417260401,0.015693599587906393,0.05630010260064133,0.018179414256926638,0.08077790007273608,0.032632684302557446,0.08207626498351259
gradient_boosting|none|one-hot|pre=reweighing|tune=random|post=reject_option_classification,3,0.751035466604329,0.8525656891150136,0.7801071127251386,0.8134764661013146,-0.013370363370363347,0.003678116012440391,-0.06737914256985318,-0.0051228223979806475,0.033469779855256065,0.04510644397785573,0.029218326896846916,0.06774497160357706,0.039613247717662094,0.043424639046158675,0.0410204359656062,0.020751892126148586,0.04597647272808956,0.02655662815004153
logistic_regression|none|label|pre=none|tune=none|post=none,3,0.7419964875054695,0.7797125483692647,0.8800056246408178,0.826790454587492,-0.0378661178661179,-0.020169844966657895,-0.0653313457023968,-0.013394287719103911,-0.00989925201918355,0.01679430055733908,0.008363555211691511,0.01961199082164422,0.012346915666159714,0.018924474338810594,0.025936858028031473,0.03447088673095869,0.05625985964216161,0.013492661776789329
logistic_regression|none|label|pre=none|tune=none|post=calibrate_equalized_odds,3,0.7369974765184346,0.7632482885178505,0.9057505838621718,0.828190753945341,-0.07847133847133851,-0.049210249007061946,-0.05281719683674787,-0.02177339011757821,-0.06350119005309916,0.0037140269848537164,0.012508527488972312,0.022004582725799558,0.0027240790671543293,0.051577242493216206,0.07057416193535855,0.05903404222046085,0.07228961589446199,0.07366197625086456
logistic_regression|none|label|pre=none|tune=none|post=reject_option_classification,3,0.7370124615633599,0.8588468875660578,0.7471785089810842,0.7989900327639375,0.0015021315021315207,0.07685253715290674,-0.010663507669669762,0.08129779571742,0.016961081532171324,0.010895982185472101,0.0036010024083292656,0.02161277831730361,0.011246809828604432,0.04462393317990392,0.08227376197072947,0.03290814153982855,0.06957356266475388,0.06008951937637446
logistic_regression|none|label|pre=none|tune=random|post=none,3,0.7270054485623348,0.8263409963052085,0.7800765440250418,0.7978496747409571,-0.008673708673708647,0.025615862282274266,-0.052379346483610055,0.017167298733587983,0.023431849515849035,0.024483031959787016,0.04154556647800621,0.10907485993626242,0.034895397167417325,0.012852102124667844,0.10287037288131215,0.02109467846993753,0.11009230750747473,0.013137166027646231
logistic_regression|none|label|pre=none|tune=random|post=calibrate_equalized_odds,3,0.7040333746920573,0.7890982855647167,0.7971889023391169,0.7884808888938427,0.08997493997494,0.06936586228227422,-0.11175405870693866,0.002956133098114174,0.12944663446208557,0.03257074190653585,0.049605911000175675,0.10879212501388977,0.03561624944489058,0.23219318685259824,0.19426994839828074,0.11336059040058812,0.056869780564264234,0.27099849376649365
logistic_regression|none|label|pre=none|tune=random|post=reject_option_classification,3,0.7279734824645004,0.8633756737325732,0.7270643043175231,0.7885878304012106,-0.007199717199717237,0.05991182140109589,-0.01828179735384694,0.06793892436878043,0.014096618360300414,0.024668745611657637,0.019131600513229256,0.04781313342545414,0.024973770816584476,0.018079638803047252,0.08550683537541065,0.03939842876123789,0.08854980236130847,0.012184716239706706
random_forest|none|label|pre=none|tune=none|post=none,3,0.7660055264845683,0.7884519556872354,0.9099935194355795,0.8448501510541474,-0.0339114639114639,0.017046256207354043,-0.03900474506790156,0.053183208475428845,-0.0209365513661523,0.012930388870420651,0.010728687872472711,0.007541818100120391,0.007952398457212559,0.0348317372111027,0.06435587886640408,0.03887993955393338,0.104570400815262,0.01376260330369671
random_forest|none|label|pre=none|tune=none|post=calibrate_equalized_odds,3,0.7459944974915035,0.7620469314661914,0.9271609014098284,0.8364225792260198,-0.08431802431802433,-0.007385561974464124,-0.014173434032559365,0.09552782872220493,-0.09697317106949711,0.023021125528375975,0.019341201384381387,0.012692566016641083,0.013028208989200816,0.08616051166126454,0.07240144672315788,0.06826022933824058,0.0627935931900434,0.11898896337396915
random_forest|none|label|pre=none|tune=none|post=reject_option_classification,3,0.7679775583967201,0.851097505497005,0.8113483242238608,0.8299559784495223,-0.026076426076426056,0.005766529461443219,-0.0568651240635748,0.014889644932892687,0.014882538862755762,0.02284748565831549,0.020702389069886584,0.04869458983719686,0.021078713644360463,0.012612098673888818,0.05461781544001261,0.03545401200163954,0.06679587835841877,0.01368698996261057
random_forest|none|label|pre=none|tune=random|post=none,3,0.7570025114935294,0.8038185146904672,0.8685973857647676,0.833264637253999,-0.02938742938742937,0.011981217745826353,-0.044071013582937746,0.04382312372233408,-0.005141724649063817,0.007816224714442523,0.03743571474045254,0.05590820968420133,0.00545658480874585,0.045078929614042085,0.04783788430553893,0.030455499489291063,0.05407064553393576,0.02440289172176074
random_forest|none|label|pre=none|tune=random|post=calibrate_equalized_odds,3,0.7550095005184826,0.7982302894745144,0.8757443478473522,0.8331408498639159,-0.02269227269227266,0.009455965220573867,-0.05421824665700011,0.029177348820041065,0.0030159389433823958,0.010186608695841698,0.039507965429867925,0.06484530332119942,0.00953872081216951,0.031171617070276436,0.05195631345164468,0.05247365833051073,0.04202338610557741,0.03507641055824528
random_forest|none|label|pre=none|tune=random|post=reject_option_classification,3,0.7299874725024426,0.8640555911837176,0.7299561033466612,0.7896954682296534,-0.029104559104559075,0.00926260156372131,-0.040083361881959746,0.027664880126413327,0.004184297345265431,0.03476902238559719,0.01207257544476194,0.07164866876817255,0.03863220493808004,0.029118509470816692,0.027784615113259914,0.057134123473329204,0.024851056674022598,0.04605891062900429
gradient_boosting|none|label|pre=none|tune=none|post=none,3,0.7570174965384546,0.7954811409009882,0.8785872369563358,0.8349180096905991,-0.04576611576611578,-0.005525418681521936,-0.044247352941011044,0.021903889978416042,-0.027036123708845766,0.030984783900169562,0.015436328865713365,0.03153437884363244,0.022294062868327448,0.04729627496603426,0.027141504128087007,0.035219594334900024,0.059022841112750815,0.03867600844074883
gradient_boosting|none|label|pre=none|tune=none|post=calibrate_equalized_odds,3,0.7380074685463907,0.7756343491685378,0.8814484672853773,0.8247061333694949,-0.06579614579614579,-0.009692085348188587,-0.029516268578655896,0.04795429136169419,-0.06500655381637262,0.007131087990524084,0.013654310052779726,0.03639160749783628,0.008932882075482172,0.06818141008789648,0.03394171268289068,0.06231507710900749,0.019406325582706534,0.08449274005069705
gradient_boosting|none|label|pre=none|tune=none|post=reject_option_classification,3,0.7239964515413617,0.8714688147799752,0.7185356369905728,0.7765938814551482,-0.01435337435337434,0.014719863196133757,-0.06228929345041249,0.006078780918328243,0.023620809365182186,0.08263973992601713,0.040754824748882194,0.17516873029210506,0.09564631441233026,0.048477574017444576,0.034112409648780394,0.013763945609251387,0.04600987024074674,0.028018692158729555
gradient_boosting|none|label|pre=none|tune=random|post=none,3,0.7619955284625943,0.7814777751443276,0.9200628492473987,0.8441526368243553,-0.046781606781606734,0.004521573090094044,-0.035189804893281794,0.06483797899939846,-0.032216506500563714,0.02433412655890094,0.03432517583376017,0.03958231756231078,0.012065569847504752,0.06067474008436527,0.036007786126172156,0.04327715466165297,0.10083955185828467,0.044497866385101566
gradient_boosting|none|label|pre=none|tune=random|post=calibrate_equalized_odds,3,0.7509935084785383,0.7672286124953542,0.9286465402345231,0.8391830423978853,-0.06642663642663638,-0.007789032970511996,-0.029432081157259222,0.06223054892566132,-0.06296079192139192,0.01061918695047009,0.028911928048361703,0.046781108593005175,0.0048608966318363905,0.04065981048779525,0.03334616538218771,0.05528682760300384,0.07147618609004106,0.03269710708884161
gradient_boosting|none|label|pre=none|tune=random|post=reject_option_classification,3,0.7549975124825424,0.8470913526701004,0.7928603744054388,0.8180433688486334,0.015538125538125502,0.031979554428948696,-0.08004305503942621,0.0017642817003066431,0.06388650301682501,0.04509652858520764,0.006427759663353228,0.07298766864614416,0.0409348427885138,0.01769016483953307,0.06095192167409362,0.028996394223522917,0.057070956100368414,0.02867862505336594
logistic_regression|none|label|pre=reweighing|tune=none|post=none,3,0.7429944914974854,0.7792849370278824,0.8828546274898206,0.8278289724554785,-0.032226282226282245,-0.016743349048011596,-0.06766116650021,-0.014274511498911327,-0.00401933739319373,0.014330832056933156,0.007211811989844504,0.0150986567801211,0.010371046445386398,0.030485676281074812,0.028388453917259394,0.04404354088133674,0.04795340524561292,0.013687909879906264
logistic_regression|none|label|pre=reweighing|tune=none|post=calibrate_equalized_odds,3,0.7379954805104506,0.7659539698618261,0.901446510888571,0.8280906972824887,-0.058509488509488526,-0.035682742987405515,-0.05933880026216402,-0.015803538896799734,-0.04022076258480125,0.004933291637091584,0.010408068303317747,0.012637850395994932,0.0007974636742322921,0.04584309644332047,0.04587148998277164,0.06299618716383099,0.026390635206871415,0.06699811147774554
logistic_regression|none|label|pre=reweighing|tune=none|post=reject_option_classification,3,0.7290014565463668,0.8619739564696548,0.7299988995267966,0.7903489954368883,0.011438641438641409,0.0815045232676314,-0.018529934335351255,0.07490703539738407,0.029950157026809632,0.0032571724739199896,0.010627559266176213,0.017180339388879085,0.005751376202542612,0.007888740304388601,0.07791672121887408,0.018380135301292608,0.07718911950711158,0.021881557316296457
logistic_regression|none|label|pre=reweighing|tune=random|post=none,3,0.7300054545563528,0.7916381677266883,0.8458787278529768,0.813009413661225,0.01158298158298158,0.04985559736125881,-0.04581595667761814,0.04072978553498943,0.0368107083859352,0.012907461846962634,0.055476171203969527,0.09989540579561743,0.02290582197095253,0.02324202894254241,0.07274245297007807,0.05386094103017397,0.1292370490804985,0.023514397771327505
logistic_regression|none|label|pre=reweighing|tune=random|post=calibrate_equalized_odds,3,0.7160393926860994,0.7585984622968774,0.8729992785786779,0.8101563920712858,0.10825195825195821,0.08703994079560222,-0.10977604146793236,0.008275488397284897,0.14573714845280303,0.03463971559829943,0.008962647258285767,0.08616520194409566,0.03474036265143071,0.20724698633719923,0.17290832856720387,0.12591187692391034,0.10404697642008773,0.2493767790994073
logistic_regression|none|label|pre=reweighing|tune=random|post=reject_option_classification,3,0.7319864774954595,0.8678034707487723,0.7285254881821405,0.791739855470016,-9.870009870035131e-06,0.06355282064300789,-0.02403811487248238,0.0631023513773351,0.02401782498485705,0.013910652959531679,0.016799528247281592,0.02817864094410787,0.013913482929443347,0.013726904843275652,0.07042705344660397,0.023444908026895445,0.08264241724998005,0.0024020324701676914
random_forest|none|label|pre=reweighing|tune=none|post=none,3,0.7580095065125004,0.7877068026190832,0.895742391450546,0.8381950756093203,-0.0313106113106113,0.0007843516158556607,-0.054019391182386856,0.015502985945878345,-0.008117805901839803,0.008232881326848523,0.0022416568908962746,0.017570432512718715,0.007159930957484717,0.036297647454019734,0.06803204824241985,0.039649693610716234,0.11684205921692274,0.024410641302616266
random_forest|none|label|pre=reweighing|tune=none|post=calibrate_equalized_odds,3,0.7409954865044686,0.7657695565339893,0.9100485430957533,0.8311790585711201,-0.08141533141533142,-0.019733325151821097,-0.026570680559682702,0.05919868220418112,-0.08328431141985303,0.030283352440555262,0.029956917829751406,0.029739010594620585,0.01687533539014449,0.08231546773300381,0.08153181419793966,0.04031666318116352,0.05288436691258082,0.10320431952385793
random_forest|none|label|pre=reweighing|tune=none|post=reject_option_classification,3,0.7109564654474833,0.8698879988132324,0.6912989252045046,0.7682873960057838,0.021444801444801504,0.042388027304078056,-0.07901101096842604,0.009960491791171061,0.06569453857350585,0.043917046438623715,0.01907401140987492,0.08206214609420771,0.046988614436587015,0.018398189674846507,0.04898733835844187,0.04345095200780136,0.03677471699324559,0.04326931658121924
random_forest|none|label|pre=reweighing|tune=random|post=none,3,0.7379745014475554,0.7900726367858474,0.8656566768154751,0.8209929471122752,-0.01863793863793861,0.0146046361388202,-0.053971551768681736,0.045540129876945445,0.005838484338284711,0.02253714031129321,0.0577487467702582,0.10470816889780393,0.02452571668766349,0.053767432387086145,0.03882224891239717,0.02690145387551813,0.06156846849158946,0.0435211524451247
random_forest|none|label|pre=reweighing|tune=random|post=calibrate_equalized_odds,3,0.7359784934635235,0.7881338813388133,0.8656566768154751,0.8198801519361374,-0.011971271971271938,0.0146046361388202,-0.0602693475401617,0.03986597946595294,0.01417181767161805,0.01916217352612902,0.05794517813017411,0.10470816889780393,0.023064044810130045,0.04583996505087553,0.03882224891239717,0.03424711912975806,0.05433674026099667,0.030949938879377352
random_forest|none|label|pre=reweighing|tune=random|post=reject_option_classification,3,0.7519885154615693,0.8549068118093354,0.7785542227602313,0.8132678325981999,-0.012113232113232045,0.018368524711956085,-0.0569847360433862,0.016537844052157063,0.0285376657335196,0.03883281719893344,0.010716412671525061,0.07795418209130035,0.03940197337219455,0.032809661141984574,0.07274616500107872,0.05878192854725241,0.0527977694427454,0.06546770030668685
gradient_boosting|none|label|pre=reweighing|tune=none|post=none,3,0.7610095125065185,0.7949898327805305,0.8871587004634215,0.8385238065951497,-0.01991242991242992,-0.003443099266302226,-0.06894758541432493,-0.00960606783943759,0.014366883230213484,0.03404478090045156,0.017917957158339052,0.031540821496600494,0.023979152457885716,0.04212599447973119,0.02056778927393504,0.03183468483019048,0.059973752960779274,0.03709730234615241
gradient_boosting|none|label|pre=reweighing|tune=none|post=calibrate_equalized_odds,3,0.7500074925224626,0.781865903024217,0.8914505459569838,0.8329125930635634,-0.02119644119644119,-0.00270780514865517,-0.06634862606605092,-0.007740885187316897,0.005729153944950975,0.02199969873442435,0.004681136105956508,0.034836473139094125,0.017463869601265117,0.05451089994232941,0.032540340466530565,0.04632685577156301,0.027710410612576546,0.05410047258040699
gradient_boosting|none|label|pre=reweighing|tune=none|post=reject_option_classification,3,0.7190453926980873,0.8625826484363555,0.7129843610530305,0.7768066991718882,0.006238336238336213,0.046354264462401686,-0.045583750034054314,0.02854457965504077,0.03720453067119985,0.06683721672401371,0.010113221811252833,0.12025975516442705,0.06716896238984428,0.030064190242577095,0.06220578233283744,0.040671115027551476,0.05086827438227576,0.023140503257799334
gradient_boosting|none|label|pre=reweighing|tune=random|post=none,3,0.7530104955254656,0.7813000585398066,0.8985913942995488,0.8358327155213382,-0.012258272258272251,0.001035008662860215,-0.07143689411499599,-0.004845934749058904,0.016307080539364638,0.027095562264941423,0.014447996128061327,0.02463727011123897,0.01866968910631927,0.014900132517211883,0.016035395477213457,0.06561977308325233,0.03084426257240052,0.012158951051073461
gradient_boosting|none|label|pre=reweighing|tune=random|post=calibrate_equalized_odds,3,0.7440074805344267,0.7706979806848112,0.9028832397931111,0.8314891566974083,-0.02480312480312478,-0.00508872871087714,-0.06410175384743122,0.00041351592120431047,-0.004757749032652858,0.016352965247387417,0.005351120428923472,0.024965769342104187,0.01257889682828213,0.02957839524369188,0.013245237165985461,0.08148569635148736,0.03300504487039223,0.05315304696287639
gradient_boosting|none|label|pre=reweighing|tune=random|post=reject_option_classification,3,0.7569995144845444,0.8498476112825889,0.7928420331853809,0.8202354247301237,-0.007220227220227156,0.005354233167766472,-0.07770437494563028,-0.007903962949099194,0.04095844988440899,0.024027703266231736,0.011941796444653137,0.02936227887900992,0.01999712014798901,0.0033332859893474096,0.03024308877066502,0.04653839079097257,0.03030540454261264,0.026462131957010512
logistic_regression|standardization|none|pre=none|tune=none|post=none,3,0.7449904994815174,0.7819413196804055,0.8814240123252999,0.8286788152413357,-0.036077616077616094,-0.015058897766461224,-0.0626953462009215,-0.007439307815387856,-0.008951965553588126,0.021182694135801566,0.011150607493730981,0.021636475829850406,0.01523363978546821,0.029824149171737657,0.01819573173667013,0.040112186134528126,0.03623742816590634,0.013688443402810854
logistic_regression|standardization|none|pre=none|tune=none|post=calibrate_equalized_odds,3,0.7419934904964846,0.7665681563666721,0.9085995867111746,0.8313807297479364,-0.07668283668283671,-0.046119503827067275,-0.05184521541801157,-0.018004294138518284,-0.06114854566040665,0.006387351098044707,0.01359431277549442,0.017069965040418158,0.0017005137909029532,0.047055725024943595,0.055209227851549914,0.06501264624849339,0.05637589419409841,0.07560756010884508
logistic_regression|standardization|none|pre=none|tune=none|post=reject_option_classification,3,0.7219914525303747,0.870653097828206,0.7099641734834868,0.7804387398309377,0.007452137452137446,0.07798997961217664,-0.013213479948183152,0.07490724219778534,0.025787678634283166,0.022286268250044847,0.023497645839486703,0.06187676737384562,0.029435141819042204,0.010664705981296138,0.07143922476428746,0.027016843999762095,0.07304111943879754,0.025215756714260254
logistic_regression|standardization|none|pre=none|tune=random|post=none,3,0.7219704734674796,0.8303032952352689,0.7641135688345987,0.7915554985755341,-0.04762762762762762,-0.009757647959772261,-0.04049416639927391,0.02481495154939618,-0.02540704671062603,0.02665004242004804,0.03762665280860012,0.10471005422504688,0.0365072127401331,0.02109141812312752,0.034265525846052136,0.0589301628951256,0.05680527664594679,0.023387302701841153
logistic_regression|standardization|none|pre=none|tune=random|post=calibrate_equalized_odds,3,0.7199744654834476,0.8276212865294212,0.7655380702591001,0.7906692763854407,-0.03429429429429428,-0.004202092404216688,-0.048463674368781885,0.020247446981891615,-0.010129268932848249,0.02335318652030089,0.042251422298705196,0.10716924975682945,0.03499929985491919,0.013251190482017899,0.0374247336384824,0.07108090093058017,0.05571842957055839,0.032177165820567386
logistic_regression|standardization|none|pre=none|tune=random|post=reject_option_classification,3,0.7209874545203886,0.8612325116941871,0.7171050218260518,0.781910133420932,-0.008780878780878779,0.05796179374112905,-0.018634332609132793,0.06732554463509183,0.011349276913706513,0.02636656072217123,0.004015046020708805,0.04866286201238237,0.02822120430277416,0.0320096657286057,0.07509583856214556,0.03429064921518118,0.08590021903147568,0.04552623098257971
random_forest|standardization|none|pre=none|tune=none|post=none,3,0.7700035364706023,0.7916539905616533,0.911418020860081,0.8472927932201246,-0.030985460985460993,0.015130547395093527,-0.043615634869188215,0.044098769052114184,-0.014012997014295961,0.012396305934334877,0.010536352678937546,0.009074851899753931,0.0077447661890306585,0.035400773301764804,0.0620298034440261,0.039285434466505835,0.10003964691719956,0.013971245953685806
random_forest|standardization|none|pre=none|tune=none|post=calibrate_equalized_odds,3,0.7489915064765365,0.7641650190922223,0.9285854028343299,0.838276619864597,-0.08289352289352292,-0.009301270786724639,-0.01715094284823822,0.08825347326666766,-0.09273778876065152,0.02512486190860987,0.021165841686627256,0.010640031419226328,0.014091199770090193,0.08681034117617509,0.06933667218775458,0.07030543047285767,0.06289745603187352,0.12210589865717847
random_forest|standardization|none|pre=none|tune=none|post=reject_option_classification,3,0.7649835464206722,0.8492327321316612,0.8085054351148772,0.8277936656687733,-0.020048090048090012,0.009430322564891439,-0.059562522547991326,0.015532255353903346,0.020970707815913564,0.018636755004550486,0.019267069662805485,0.04000640689993774,0.017124769155878475,0.017843473558936816,0.06677800723525472,0.038365808638654006,0.06628576071271745,0.026146206336145717
random_forest|standardization|none|pre=none|tune=random|post=none,3,0.7560015104925283,0.8035406401404579,0.8671667706002469,0.8325149333870264,-0.027962927962927948,0.014001419766028386,-0.0436779116669932,0.04689755255818423,-0.0041316236389628,0.009103484721978573,0.037878590119104,0.05350352488800606,0.004186883145238742,0.04754029639408345,0.049378294817595175,0.03108028878830636,0.055625362981737356,0.026133611044622165
random_forest|standardization|none|pre=none|tune=random|post=calibrate_equalized_odds,3,0.7540084995174815,0.7979537954191365,0.8743137326828313,0.8324037634715523,-0.02126777126777124,0.011476167240775862,-0.053827683927843394,0.03320404780914051,0.004026039953483394,0.010513991489425162,0.03991586270255862,0.06244042387917922,0.008347754082092602,0.03229842015776229,0.05213052953136442,0.05302283907713799,0.043721922416643084,0.03450350399798964
random_forest|standardization|none|pre=none|tune=random|post=reject_option_classification,3,0.7319864774954595,0.8605425439777522,0.7370969516892263,0.7927286014433178,-0.007061047061047006,0.035079595027773615,-0.04359596042490277,0.03498598422232021,0.02422034589278169,0.03363600864414822,0.00867199497376669,0.06621740307128121,0.03622779095425134,0.0107515768549313,0.024895675980208143,0.05714702542828793,0.030249542568526713,0.03435863665871187
gradient_boosting|standardization|none|pre=none|tune=none|post=none,3,0.7570174965384546,0.7954811409009882,0.8785872369563358,0.8349180096905991,-0.04576611576611578,-0.005525418681521936,-0.044247352941011044,0.021903889978416042,-0.027036123708845766,0.030984783900169562,0.015436328865713365,0.03153437884363244,0.022294062868327448,0.04729627496603426,0.027141504128087007,0.035219594334900024,0.059022841112750815,0.03867600844074883
gradient_boosting|standardization|none|pre=none|tune=none|post=calibrate_equalized_odds,3,0.7380074685463907,0.7756343491685378,0.8814484672853773,0.8247061333694949,-0.06579614579614579,-0.009692085348188587,-0.029516268578655896,0.04795429136169419,-0.06500655381637262,0.007131087990524084,0.013654310052779726,0.03639160749783628,0.008932882075482172,0.06818141008789648,0.03394171268289068,0.06231507710900749,0.019406325582706534,0.08449274005069705
gradient_boosting|standardization|none|pre=none|tune=none|post=reject_option_classification,3,0.7269904635174096,0.8689158172873833,0.7270826455375813,0.7802141222621772,-0.00814254814254813,0.01816813905820273,-0.06781684451728465,0.003482230287631218,0.03090050285177223,0.08299452585054305,0.04306133828086644,0.177610954412104,0.0967604064196135,0.04283755582389528,0.0369878390530925,0.023146134610327433,0.041543245050526104,0.024188057210994325
gradient_boosting|standardization|none|pre=none|tune=random|post=none,3,0.7580005154855455,0.7822302057556172,0.9115158407003902,0.8404999829357255,-0.04072709072709076,0.00772284060702048,-0.03692938696622616,0.0691964108446579,-0.02484101894093092,0.022526946415086777,0.0358904166449353,0.05398126845266106,0.013563063451838313,0.06805363346561241,0.03504594791555879,0.04492141383530198,0.09196712090290896,0.05555943984876905
gradient_boosting|standardization|none|pre=none|tune=random|post=calibrate_equalized_odds,3,0.7499955044865224,0.7703812112985013,0.9215301468520352,0.8374265921550336,-0.06854028854028853,-0.006671098786918887,-0.024622742073662735,0.0696243280669478,-0.0649603043617591,0.009814248539471923,0.035150761957632636,0.06217222446977486,0.007993651261054393,0.04524707247312572,0.02979506427473111,0.04414177346242269,0.06579050932452764,0.018663314513407497
gradient_boosting|standardization|none|pre=none|tune=random|post=reject_option_classification,3,0.7579915244585903,0.8456512605042016,0.799982881527946,0.8211417722026549,-0.004202384202384206,0.014108025011009237,-0.07333471363602206,-0.00011408559262606384,0.04245073830785528,0.04563915188465326,0.00490117540727274,0.07369569168849333,0.0415494741441452,0.03488236982046133,0.014680036963484583,0.02045691661353344,0.04006393302869142,0.017568949055201274
logistic_regression|standardization|none|pre=reweighing|tune=none|post=none,3,0.7459915004825185,0.7815703297763698,0.8842852426543414,0.829741935483871,-0.03105511105511109,-0.012114007689218184,-0.0649414045232094,-0.007854919493648027,-0.003093555602685908,0.014087930317869432,0.009165833245365884,0.012878710531389625,0.009716426761492406,0.03054947416976292,0.015182353241365808,0.0407115650531182,0.03769743710586664,0.016120941638991557
logistic_regression|standardization|none|pre=reweighing|tune=none|post=calibrate_equalized_odds,3,0.7419934904964846,0.7684704533579371,0.9043077412176124,0.830722008586136,-0.05883981883981885,-0.03313673496194547,-0.05722617668470379,-0.012871314448404095,-0.04033664746096011,0.006387351098044707,0.012927252071661673,0.014823987832820585,0.0012713703762800962,0.03807142489516431,0.04179417684205889,0.06072340978259696,0.03199419133161985,0.061659289876096285
logistic_regression|standardization|none|pre=reweighing|tune=none|post=reject_option_classification,3,0.7250064435693178,0.862542890909805,0.7228580511842314,0.7861575275548208,-0.011337211337211365,0.057579634321486016,-0.010165064488312706,0.07086925432394105,0.006438004951397763,0.009354269513994807,0.01549495514480689,0.027902429614506487,0.011521381568183029,0.029574116064149832,0.08062393254086385,0.029252258467468217,0.07774686314988725,0.040314347491969584
logistic_regression|standardization|none|pre=reweighing|tune=random|post=none,3,0.7209724694754636,0.8298415650819894,0.7641074550945796,0.7908775434702182,-0.039095459095459084,-0.009254272700047786,-0.048492443229285365,0.01491056513106335,-0.0144065668102324,0.02388936672874884,0.04147283665674296,0.10808519625396368,0.035642533002525706,0.024123182661176825,0.022527526863115443,0.06835955795827853,0.05305777915769886,0.032692994913896906
logistic_regression|standardization|none|pre=reweighing|tune=random|post=calibrate_equalized_odds,3,0.7189764614914315,0.8272146273673324,0.765531956519081,0.7899992365919113,-0.025762125762125738,-0.003698717144492214,-0.055948583580162525,0.009793606066735868,0.0008712109675453975,0.02044016991072261,0.0460226525306639,0.11055202961844278,0.0341225734446368,0.02450402334768152,0.025095793765055052,0.08002502002363189,0.05436705953796792,0.04546620370567441
logistic_regression|standardization|none|pre=reweighing|tune=random|post=reject_option_classification,3,0.7199894505283727,0.8613348828392223,0.715674406661531,0.7814199813543689,0.00848113848113848,0.07464702844106967,-0.023061554872259027,0.06865513109748611,0.02875765708119279,0.009616992292172395,0.015996694820616303,0.026449463845993806,0.011375833503691247,0.028500784661379786,0.09207900567074134,0.01522752643941568,0.09182859087107527,0.019626918934682516
random_forest|standardization|none|pre=reweighing|tune=none|post=none,3,0.7600085115055174,0.7897146022932185,0.895742391450546,0.8393196139762514,-0.03288911288911286,0.0007843516158556607,-0.05257796602179662,0.0171346041989839,-0.009725993036342731,0.007522552850578945,0.003951067586188707,0.017570432512718715,0.006651635168063383,0.03777724435646617,0.06803204824241985,0.036862525540515084,0.10701142132220662,0.019960212380627566
random_forest|standardization|none|pre=reweighing|tune=none|post=calibrate_equalized_odds,3,0.7429944914974854,0.7669777312634456,0.9114791582602741,0.8324500365070281,-0.08591983591983587,-0.021816658485154423,-0.02423852423852424,0.056241786003690765,-0.08834962415822067,0.02596748261419204,0.02846438289302819,0.030741626600046482,0.014126578352156922,0.0896564282161614,0.08488502576697265,0.04616772184898187,0.046597963368456424,0.11325585667161187
random_forest|standardization|none|pre=reweighing|tune=none|post=reject_option_classification,3,0.6979704255153357,0.8723400746481452,0.6670457185478645,0.7546655392170915,-0.013114373114373115,0.012006328883881756,-0.061998063790875024,0.010985270064233906,0.02645398176106852,0.03047594010378965,0.022699880543623447,0.059856664625015585,0.03404688839929801,0.01633564907726036,0.02664342066863472,0.02769740123152656,0.03671041553383786,0.008302288687809764
random_forest|standardization|none|pre=reweighing|tune=random|post=none,3,0.7399705094315873,0.7999758621067992,0.8514116625704609,0.8199844451097374,-0.015845915845915843,0.018819195525793402,-0.051732075263537514,0.04395697267951043,0.013501319587326874,0.025933776813458407,0.059754953422200524,0.09924323049780134,0.023198145829810588,0.05027704169389164,0.04290516347720755,0.024926278561657106,0.059475874373391156,0.03190314655570295
random_forest|standardization|none|pre=reweighing|tune=random|post=calibrate_equalized_odds,3,0.7359784934635235,0.7948284542133958,0.8528361639949623,0.8179040200313658,0.004154084154084174,0.024374751081348938,-0.06764686223095606,0.03461069030691225,0.037112430698437976,0.01916217352612902,0.05809203898363816,0.09952832997062636,0.020657563103502957,0.03597110628864343,0.04943224834161706,0.04474058776913322,0.04846104983550414,0.023087031671558744
random_forest|standardization|none|pre=reweighing|tune=random|post=reject_option_classification,3,0.7430064795334257,0.8540328188012793,0.764309208515217,0.8049456012232182,-0.029748559748559722,0.007640555363297071,-0.042839431092045244,0.02166851940812245,0.0051181255036345475,0.03795464384554991,0.010127158246578005,0.07855515288179618,0.03861363551072389,0.011776022246792904,0.054185483402527886,0.04504556086330699,0.06088778892331599,0.037620882642881284
gradient_boosting|standardization|none|pre=reweighing|tune=none|post=none,3,0.7610095125065185,0.7949898327805305,0.8871587004634215,0.8385238065951497,-0.01991242991242992,-0.003443099266302226,-0.06894758541432493,-0.00960606783943759,0.014366883230213484,0.03404478090045156,0.017917957158339052,0.031540821496600494,0.023979152457885716,0.04212599447973119,0.02056778927393504,0.03183468483019048,0.059973752960779274,0.03709730234615241
gradient_boosting|standardization|none|pre=reweighing|tune=none|post=calibrate_equalized_odds,3,0.7500074925224626,0.781865903024217,0.8914505459569838,0.8329125930635634,-0.02119644119644119,-0.00270780514865517,-0.06634862606605092,-0.007740885187316897,0.005729153944950975,0.02199969873442435,0.004681136105956508,0.034836473139094125,0.017463869601265117,0.05451089994232941,0.032540340466530565,0.04632685577156301,0.027710410612576546,0.05410047258040699
gradient_boosting|standardization|none|pre=reweighing|tune=none|post=reject_option_classification,3,0.7180443916970863,0.8644789821910962,0.7086925155594684,0.7755483414226583,0.004736834736834765,0.05260426446240166,-0.03736000344608533,0.04030155384355408,0.03155760084663844,0.06511326944210896,0.009061927001796583,0.11294371013210328,0.06501609289537155,0.03256475140227088,0.05225634043968642,0.037164090768439816,0.03344588073566431,0.030187567933720086
gradient_boosting|standardization|none|pre=reweighing|tune=random|post=none,3,0.7409954865044686,0.7694154379760216,0.9000158957240503,0.8294281842504546,0.025356265356265378,0.019067929987585996,-0.08843950958573406,-0.013041650331009716,0.061118674195502265,0.007165950012284448,0.009254773407969027,0.02352352342544705,0.006664205516192833,0.06588022866002761,0.026946527955557097,0.07008637483292192,0.03947286580145241,0.08109037178429403
gradient_boosting|standardization|none|pre=reweighing|tune=random|post=calibrate_equalized_odds,3,0.7329934725144307,0.759921910758342,0.9057383563821332,0.8260255730895033,0.011155911155911191,0.010797727967383949,-0.08176453334895988,-0.008358406519040832,0.03870789919443975,0.006401099743802284,0.01767758307694689,0.029598077214008346,0.002609483273298508,0.029410524262362493,0.01760524284618864,0.07584238376092059,0.035794989245836635,0.04042574578913258
gradient_boosting|standardization|none|pre=reweighing|tune=random|post=reject_option_classification,3,0.7459885034735335,0.8486032839513049,0.775674651211132,0.8103150287170124,-0.0054317254317254315,0.0173277658352959,-0.06683895825449897,0.008451017383355667,0.03548511435060155,0.012469573351681761,0.009786643428333897,0.0241227790838242,0.01187742806407802,0.011839609781482649,0.01987338312213081,0.0494633961934464,0.0158492653582532,0.02278653894875962
logistic_regression|standardization|one-hot|pre=none|tune=none|post=none,3,0.7470104835374296,0.789129188912014,0.8714402748737512,0.8282439589847496,-0.040987280987280994,-0.008931308205565572,-0.05221062218928415,0.014978917468578101,-0.01982411805134049,0.013888817407203205,0.008214193987764642,0.011136267648922159,0.009553089789706995,0.031177442566183572,0.027479713868143858,0.03111793474461306,0.04999481850717647,0.028721829108906777
logistic_regression|standardization|one-hot|pre=none|tune=none|post=calibrate_equalized_odds,3,0.7440134745523966,0.774061731527382,0.8957485051905651,0.8304041953350536,-0.06637882637882635,-0.028502015276272646,-0.04490777450929254,0.007392007591248584,-0.05431727897332328,0.011669304680173678,0.001532413686512528,0.02085515281834715,0.009641791132498162,0.04508426268979293,0.06651468659404612,0.06002477444255914,0.06859973651580127,0.06347682458842302
logistic_regression|standardization|one-hot|pre=none|tune=none|post=reject_option_classification,3,0.7010004015992041,0.8681787802840434,0.6756905469351823,0.7597415898456173,-0.0322340522340522,0.03206495861109079,-0.004137541054779555,0.06440148760953503,-0.015830048683431255,0.013517988345918868,0.015354642949356347,0.020802436818094912,0.013011817006936996,0.017025608298195615,0.05909787823796658,0.04273646028855349,0.03849616248901872,0.03935974963625928
logistic_regression|standardization|one-hot|pre=none|tune=random|post=none,3,0.714016411621202,0.8274274793715491,0.7557927686683051,0.7852152765925959,-0.05303940303940302,0.002078460211327182,-0.00878780878780879,0.04810453183513492,-0.03485473575803727,0.01961175745157371,0.04647960635349538,0.1038183976562744,0.03241889411433022,0.0528545447085253,0.058534301470320384,0.03610904387175449,0.06750575843920241,0.05698060731567486
logistic_regression|standardization|one-hot|pre=none|tune=random|post=calibrate_equalized_odds,3,0.7120383856910802,0.8053107841741823,0.7857684359830283,0.7900797798125702,0.02701757701757701,0.04298755112041808,-0.06027746790383507,0.013062650122926761,0.05510464061438258,0.040154202526781764,0.05226961167248266,0.11837653375200947,0.042657482063940794,0.19591766155812584,0.1791508091275459,0.11668667365275816,0.0829515235253514,0.2240820755272158
logistic_regression|standardization|one-hot|pre=none|tune=random|post=reject_option_classification,3,0.7140254026481571,0.8585074685476707,0.7086436056393138,0.7747379157773756,-0.013740033740033741,0.04317833086484616,-0.023586520403982496,0.05190445153929379,0.007901633137450029,0.042220454678236756,0.006094444605195965,0.07783950119549869,0.043435854756548285,0.04636558168440662,0.089068471926437,0.03793647250567386,0.04512319206912973,0.06360031169719446
random_forest|standardization|one-hot|pre=none|tune=none|post=none,3,0.7630055204905505,0.7826666330417353,0.9157343213137205,0.8439479427139146,-0.04195930195930194,-0.013737867715471955,-0.05683976772001683,-0.006813144065705416,-0.018462521613942757,0.007676520701608652,0.00217643884515068,0.014872912572631623,0.00626412353836808,0.01460500070437099,0.05184950305473555,0.041801813031360706,0.0849397563089947,0.012756844846953958
random_forest|standardization|one-hot|pre=none|tune=none|post=calibrate_equalized_odds,3,0.7359844874814935,0.7509637194325158,0.9343323184524901,0.8321240936152222,-0.10948220948220948,-0.04018988791749215,-0.020785618831720736,0.033271039935552194,-0.11977876079396173,0.013517883694225167,0.024200174662692687,0.028976471188470004,0.0030530097992799653,0.08109411194028462,0.07170831980794885,0.083273567503314,0.02762945330529842,0.12350699217622445
random_forest|standardization|one-hot|pre=none|tune=none|post=reject_option_classification,3,0.7029874185562809,0.8741365576523054,0.6728048616460635,0.7598065810874104,-0.008871528871528886,0.0019086587484223132,-0.08140948486329296,-0.009317266125774317,0.0404307817252852,0.02637941005501887,0.017153226030042795,0.042222497779954266,0.027455457643052378,0.04673824460852203,0.047126077952412415,0.0296405221469194,0.07258995561840963,0.04711198744079833
random_forest|standardization|one-hot|pre=none|tune=random|post=none,3,0.7479935024845205,0.7697519188078309,0.9200995316875145,0.8361538105215148,-0.02651525651525651,0.0020465603827881282,-0.05362057759136026,-0.014496455509111383,-0.005723088418302204,0.010621935976066853,0.03866792490325039,0.06647482230666482,0.006106290705751082,0.037899127803948766,0.018533105484955525,0.046075306542058624,0.10843740164081486,0.03673594113193433
random_forest|standardization|one-hot|pre=none|tune=random|post=calibrate_equalized_odds,3,0.7369884854914796,0.7543929250351269,0.9358301847572233,0.8327757294547121,-0.055570465570465556,-0.012726166889939142,-0.04435169583918108,0.1089864805595594,-0.049775729131181355,0.027404203750623694,0.046833753189259385,0.07184789756053331,0.012236828234636728,0.029947223229303925,0.04569815970131989,0.06021885434626512,0.18121601552806157,0.06242007831588565
random_forest|standardization|one-hot|pre=none|tune=random|post=reject_option_classification,3,0.7350074625523728,0.8526990859970711,0.7514397857745497,0.7970567342948596,-0.03821506821506826,-0.008221432208101712,-0.04994012414981234,0.009513125313502624,0.00041375835933997923,0.04848074037351702,0.004205848334115513,0.0861057051998972,0.0475716440918161,0.0056947202826254425,0.07285265823767936,0.030727712650617814,0.08199438849648123,0.024959404756917703
gradient_boosting|standardization|one-hot|pre=none|tune=none|post=none,3,0.7410254565943188,0.7772933592676275,0.8828851961899172,0.8267225418579094,-0.015402605402605407,-0.026087807834661025,-0.0898200226035684,-0.05295739377211058,0.021552009076936385,0.03260647751664564,0.018356929309848013,0.02738096195028711,0.022341549663408896,0.06313145774098856,0.05680552576726515,0.06178118117361032,0.04151643687727718,0.050820164746106004
gradient_boosting|standardization|one-hot|pre=none|tune=none|post=calibrate_equalized_odds,3,0.719009428590267,0.7535055640087185,0.8914627734370223,0.8161156513949374,-0.04711431711431709,-0.030948918945772157,-0.06573616230020525,0.002458485932010257,-0.035582847553888,0.010136362461957635,0.018953979350922023,0.03828857121678678,0.008023759341926548,0.1368815386814497,0.07138167783584724,0.1029141079616588,0.09598141266104276,0.18083474242814898
gradient_boosting|standardization|one-hot|pre=none|tune=none|post=reject_option_classification,3,0.710006413599228,0.8481708441892545,0.7128437450325862,0.7737154412905296,-0.016939386939386902,-0.0014417196359942652,-0.06978670817368578,-0.002389894929663091,0.023803737673862485,0.0498598892082206,0.019629331614088853,0.06914818101290636,0.04701674429292991,0.025080586555276486,0.05738576347109802,0.04584696484020614,0.04240155499074844,0.030753334952471855
gradient_boosting|standardization|one-hot|pre=none|tune=random|post=none,3,0.7480174785564007,0.777235367831343,0.8971730066150667,0.8328829662290285,-0.02089194089194087,-0.018196746284147986,-0.07906844973597216,-0.034851851259781276,0.013008407366935796,0.033629267818288296,0.020296277023375903,0.02659055870288534,0.022485660223387046,0.034552360570433496,0.013315876120246038,0.039764260695868275,0.04057897895908888,0.026851458091283437
gradient_boosting|standardization|one-hot|pre=none|tune=random|post=calibrate_equalized_odds,3,0.7360144575713438,0.7560357662245588,0.9200628492473987,0.8296989949314172,-0.0709135009135009,-0.050835635173036874,-0.06041858104360309,-0.05084114946467139,-0.05556092020046329,0.01634738077070233,0.008297955136393717,0.03864039483029609,0.014216994665491622,0.0498512230494508,0.03349576109805131,0.07509687894242824,0.04240945170380973,0.0764734809004982
gradient_boosting|standardization|one-hot|pre=none|tune=random|post=reject_option_classification,3,0.7159914405423388,0.8632885973503713,0.7056845554699632,0.7760911885604643,-0.035428225428225435,0.0017975698101917088,-0.03945389454053031,0.02537746397052122,-0.0026538671785963177,0.036790544026714125,0.013177762731713007,0.05053356405609583,0.03532841458829746,0.0026137691667152845,0.02736921141952494,0.053838770170750644,0.013211601393801712,0.03421251985366359
logistic_regression|standardization|one-hot|pre=reweighing|tune=none|post=none,3,0.7460094825364286,0.7888505329457365,0.8700096597092305,0.8274426568688114,-0.035058275058275044,-0.00691110618536354,-0.05637379999720582,0.011501744690041801,-0.011739880085948007,0.014550852394864852,0.008386199221211192,0.01222358496585736,0.010110016627050413,0.03766172700956163,0.023994462342309033,0.032319070300447644,0.048221279261743265,0.039721581751508896
logistic_regression|standardization|one-hot|pre=reweighing|tune=none|post=calibrate_equalized_odds,3,0.7450144755533977,0.7784364595164831,0.8885954293679615,0.829857959090071,-0.04581980581980579,-0.01833787386213122,-0.0557079681623881,0.0027110064837965187,-0.026577465264521982,0.014612286049852936,0.005833406208686729,0.016893010449220383,0.010681556235236407,0.0292619585835669,0.05449024882195439,0.052930507616953344,0.0518705683949417,0.04265134122198884
logistic_regression|standardization|one-hot|pre=reweighing|tune=none|post=reject_option_classification,3,0.705001408594223,0.8678936511456072,0.6828375090177664,0.7641805924140241,-0.01666953666953667,0.04289806144470069,-0.01653724196088635,0.058181808129553765,0.003027362948427458,0.009091223602361484,0.01771354687097843,0.012094283580106708,0.0066034861281191095,0.014990373173592102,0.045067940181218756,0.02813492942527974,0.041638609420198855,0.0165871119806608
logistic_regression|standardization|one-hot|pre=reweighing|tune=random|post=none,3,0.699001396606187,0.8521146605604654,0.6899905848403702,0.7624410271139315,-0.03444738444738443,0.02553527508826355,-0.009131469310343698,0.05883261070238265,-0.017738296529012754,0.006126580594051467,0.014518186271928189,0.007141222589959541,0.0026477930706767256,0.04949477834434879,0.044225250518241846,0.03599190465907911,0.05255631107360625,0.05166795742563297
logistic_regression|standardization|one-hot|pre=reweighing|tune=random|post=calibrate_equalized_odds,3,0.6910173646700594,0.8306844848283775,0.705660100509886,0.7617816680587625,0.06555261555261555,0.08664638619937466,-0.06225089890036154,0.043384007018484834,0.09198392569320946,0.01619323725648897,0.04554398739126,0.03312722907012685,0.0025074912541905715,0.17567262591108104,0.14713465761635214,0.11909699169121415,0.035586879939096185,0.2067209942443629
logistic_regression|standardization|one-hot|pre=reweighing|tune=random|post=reject_option_classification,3,0.6729963496430562,0.8916250540963414,0.6071066113984568,0.7219769105040106,0.01567350567350569,0.06633779232767807,-0.03423800603766125,0.04644679288118478,0.040670249476995705,0.016816335724617933,0.022967519294559886,0.026616702041991066,0.017911417618453516,0.02146767486657479,0.060030810698638755,0.021203608586021754,0.048637334405935505,0.02847035704844732
random_forest|standardization|one-hot|pre=reweighing|tune=none|post=none,3,0.7600145055234876,0.7777128309043203,0.9200261668072827,0.8428480770851782,-0.03768712768712771,-0.014495796063948907,-0.06077153174417608,-0.0103126717984555,-0.013833817013626792,0.018450547585803893,0.005489159746960711,0.024992631953949417,0.01363097832867513,0.03446622559665515,0.030793554367853436,0.04396773594155871,0.08979090224407402,0.05323043709667318
random_forest|standardization|one-hot|pre=reweighing|tune=none|post=calibrate_equalized_odds,3,0.7319924715134296,0.7466376637663766,0.9357629336170108,0.8301448219156268,-0.10101353101353101,-0.03684428091243371,-0.024644276878349764,0.03408913862225699,-0.1112282557913054,0.006690522348035452,0.017873848793681608,0.02980188273041699,0.001686910355557139,0.05688841547020002,0.056760839666277214,0.0720755699584386,0.03491675558421226,0.0875689818038315
random_forest|standardization|one-hot|pre=reweighing|tune=none|post=reject_option_classification,3,0.7169924415433399,0.8583659228586765,0.7142315640169716,0.7791054718669025,-0.01650188650188648,0.007054724704041189,-0.06411141902622546,0.008730688763898828,0.02339020611406713,0.01776634509836103,0.020107847801134598,0.03704485751958996,0.01870378124044057,0.017992541164839674,0.04965671186025825,0.007350026398336853,0.06416502655636047,0.009144850550245151
random_forest|standardization|one-hot|pre=reweighing|tune=random|post=none,3,0.7570085055114996,0.7666940461574012,0.9386058227259944,0.8438217051210661,-0.014530614530614513,0.00769840307546273,-0.0632422408995631,0.006818032989371892,0.006131789728638759,0.010517626318550966,0.003136306982942163,0.028420780352532725,0.009551092385453921,0.02757557899218711,0.02137809540529637,0.04920243902376211,0.08385062546939026,0.032931040439466555
random_forest|standardization|one-hot|pre=reweighing|tune=random|post=calibrate_equalized_odds,3,0.7450024875174576,0.7514414621327804,0.9514813592066811,0.8393017580470068,-0.04890498890498892,-0.01054654641948675,-0.04869249991201211,0.0068827062729501605,-0.04436905497364352,0.016656413934778323,0.01876748496249326,0.032287410635040356,0.009882454790422388,0.019898572664811702,0.03163031076834417,0.060217725768738385,0.04740157734773762,0.04239009376329729
random_forest|standardization|one-hot|pre=reweighing|tune=random|post=reject_option_classification,3,0.7249764734794676,0.8561970724721725,0.731325581110989,0.7868891959888028,-0.016981736981736956,0.012478148135050252,-0.05831615505320938,0.017171902534443718,0.019824800304576378,0.03505709366559038,0.02160211257521236,0.07576323845443797,0.03875795351652481,0.010687147146704516,0.04374504636372335,0.03022077996199793,0.05097139598622145,0.00931201680550826
gradient_boosting|standardization|one-hot|pre=reweighing|tune=none|post=none,3,0.7430334526142909,0.7792411016595526,0.8828974236699558,0.8278286956206174,-0.003433923433923495,-0.012725088067032838,-0.09030110955625174,-0.039155432655946336,0.03346669245180628,0.03579373376639953,0.020285636976918247,0.02984968810677472,0.024566073515684576,0.05918163898911963,0.0517114285369905,0.05092109917537827,0.04629870370703182,0.04567478690566956
gradient_boosting|standardization|one-hot|pre=reweighing|tune=none|post=calibrate_equalized_odds,3,0.728027428626231,0.7610867446393762,0.8914811146570804,0.8208345032996256,-0.019732949732949773,-0.018239793949385758,-0.07876553805692514,-0.03398288500152111,0.002886758865468538,0.023942956787474132,0.011834977045204793,0.04095983887294515,0.01889239165025289,0.11048947789032647,0.07336109281358681,0.07983102116351365,0.03623462269897442,0.1289720484448301
gradient_boosting|standardization|one-hot|pre=reweighing|tune=none|post=reject_option_classification,3,0.6990373607140073,0.8613476775635464,0.6786557108445521,0.7564748020796408,0.023365183365183378,0.0682895145289905,-0.04207977207977209,0.043605153234944176,0.050318797437391254,0.06822080348234125,0.007341147914325363,0.10735821668976486,0.06788919106039372,0.020208516809867415,0.054935674932395005,0.04604643510724966,0.057644409131946406,0.046299374977694596
gradient_boosting|standardization|one-hot|pre=reweighing|tune=random|post=none,3,0.7520274765783747,0.7796527726576388,0.9000464644241468,0.8354745775798699,-0.016640766640766635,-0.009360400807092883,-0.07572100701165736,-0.01567874191230238,0.013475315782899086,0.028136674382205788,0.014610783371335473,0.028893880084159,0.0198175106665576,0.035763319507789916,0.013252261161721056,0.04957219404007093,0.021095380834651747,0.03099572000196661
gradient_boosting|standardization|one-hot|pre=reweighing|tune=random|post=calibrate_equalized_odds,3,0.741025456594319,0.7627739753125494,0.9143526160693543,0.8314657020945999,-0.04791280791280791,-0.029814946261638314,-0.06326621345537868,-0.02234546490328278,-0.031548201295316415,0.022249644329127575,0.004184748198573824,0.04061378294197224,0.01830890811021888,0.028953823568222525,0.0054657223706512355,0.0755308737483963,0.030221929555916665,0.051023390785820195
gradient_boosting|standardization|one-hot|pre=reweighing|tune=random|post=reject_option_classification,3,0.7460244675813538,0.8518218948733646,0.7729479231625155,0.8093365316819874,0.007903987903987978,0.03503275832598681,-0.06284922293422383,0.01649571617190902,0.049236706746796303,0.03092346881830168,0.028113003641419613,0.05540790397061516,0.028485908331117447,0.02668967646952931,0.019863215663120912,0.025884499423208453,0.04019145479295068,0.01122362189053174
logistic_regression|standardization|label|pre=none|tune=none|post=none,3,0.7419934904964846,0.7789679226246391,0.8814240123252999,0.8270025602891335,-0.03116578116578117,-0.015058897766461224,-0.067285109800166,-0.012418755451749863,-0.0031771117524185453,0.018879332623566728,0.008436459061273608,0.021636475829850406,0.013992258516318778,0.026711279820924468,0.01819573173667013,0.04284012776627411,0.04021244804430474,0.012521352040426648
logistic_regression|standardization|label|pre=none|tune=none|post=calibrate_equalized_odds,3,0.7389964815114515,0.7637354553481902,0.9085995867111746,0.8297410273108771,-0.07177100177100178,-0.046119503827067275,-0.05617292533748086,-0.023222345304623065,-0.05537369185923707,0.005438325301061805,0.0114542986338756,0.017069965040418158,0.002583142029982966,0.047078170699973027,0.055209227851549914,0.06542990757143682,0.05225041737148167,0.0730982261269994
logistic_regression|standardization|label|pre=none|tune=none|post=reject_option_classification,3,0.7370064675453897,0.8576351724682295,0.748590782925547,0.7993673398698476,-0.00606137606137606,0.0682867832651447,-0.009972126706829898,0.07875102701983104,0.009900426810512527,0.005798824388175102,0.0029217529849077453,0.011732953638203024,0.005908866224232475,0.03385719752252394,0.07569516947797543,0.032514026370634996,0.073587978053629,0.05021710340983868
logistic_regression|standardization|label|pre=none|tune=random|post=none,3,0.7069974165782549,0.8551745604978748,0.7000048909920155,0.7698281366387958,-0.021342881342881353,0.040082272262764874,-0.016823704791880372,0.05892370382707133,-0.00048708659935745485,0.006409185523837282,0.007136506732348963,0.007087744527025366,0.005300741812224763,0.039540346810002625,0.10848352174830025,0.030496043061703722,0.09280907972931579,0.0522854660869506
logistic_regression|standardization|label|pre=none|tune=random|post=calibrate_equalized_odds,3,0.6900313487139834,0.8244533631100107,0.7114009023880268,0.7629329435733899,0.08865711865711867,0.0845267167072093,-0.08964169140297044,0.010609948616764378,0.12590180228953143,0.027805188534804747,0.047045321681889206,0.01796646788124993,0.01236900279164725,0.22707487779456448,0.1840729868782479,0.1367889700593659,0.05255489152306762,0.26532715968414977
logistic_regression|standardization|label|pre=none|tune=random|post=reject_option_classification,3,0.7189854525183866,0.8645079462026951,0.7099641734834868,0.7788240056138441,-0.011658371658371655,0.052911288690624,-0.019195101031044753,0.06227127544245578,0.009850594436763166,0.02981915669310105,0.0032190241412989014,0.05392344066921625,0.031997997837639194,0.039971377286868746,0.04950887506808969,0.03569809040565948,0.07702762815833679,0.047746837652175175
random_forest|standardization|label|pre=none|tune=none|post=none,3,0.7700035364706023,0.7916539905616533,0.911418020860081,0.8472927932201246,-0.030985460985460993,0.015130547395093527,-0.043615634869188215,0.044098769052114184,-0.014012997014295961,0.012396305934334877,0.010536352678937546,0.009074851899753931,0.0077447661890306585,0.035400773301764804,0.0620298034440261,0.039285434466505835,0.10003964691719956,0.013971245953685806
random_forest|standardization|label|pre=none|tune=none|post=calibrate_equalized_odds,3,0.7489915064765365,0.7641650190922223,0.9285854028343299,0.838276619864597,-0.08289352289352292,-0.009301270786724639,-0.01715094284823822,0.08825347326666766,-0.09273778876065152,0.02512486190860987,0.021165841686627256,0.010640031419226328,0.014091199770090193,0.08681034117617509,0.06933667218775458,0.07030543047285767,0.06289745603187352,0.12210589865717847
random_forest|standardization|label|pre=none|tune=none|post=reject_option_classification,3,0.7669795544047041,0.8496841288572988,0.8113544379638801,0.8294137836169208,-0.0324127624127624,-0.00187235942744568,-0.05603221249985842,0.010435127931705127,0.008374922375300556,0.02139638305483793,0.01884203183850288,0.0449410245853192,0.019697658466304356,0.018117135568973815,0.048338881079267315,0.03469016202988539,0.05782946687903151,0.007914880342704685
random_forest|standardization|label|pre=none|tune=random|post=none,3,0.7560015104925283,0.8035406401404579,0.8671667706002469,0.8325149333870264,-0.027962927962927948,0.014001419766028386,-0.0436779116669932,0.04689755255818423,-0.0041316236389628,0.009103484721978573,0.037878590119104,0.05350352488800606,0.004186883145238742,0.04754029639408345,0.049378294817595175,0.03108028878830636,0.055625362981737356,0.026133611044622165
random_forest|standardization|label|pre=none|tune=random|post=calibrate_equalized_odds,3,0.7540084995174815,0.7979537954191365,0.8743137326828313,0.8324037634715523,-0.02126777126777124,0.011476167240775862,-0.053827683927843394,0.03320404780914051,0.004026039953483394,0.010513991489425162,0.03991586270255862,0.06244042387917922,0.008347754082092602,0.03229842015776229,0.05213052953136442,0.05302283907713799,0.043721922416643084,0.03450350399798964
random_forest|standardization|label|pre=none|tune=random|post=reject_option_classification,3,0.7299904695114275,0.8612065089936644,0.732823447415722,0.7906393762401279,-0.015636545636545596,0.02588419272892306,-0.041228013311413125,0.0325276356981295,0.015455978076689742,0.032593866601640265,0.007852552062266467,0.0634630677328801,0.034980480252964206,0.024197762496675927,0.009020208911703695,0.05441479465572787,0.02684947484082858,0.029672601429181576
gradient_boosting|standardization|label|pre=none|tune=none|post=none,3,0.7570174965384546,0.7954811409009882,0.8785872369563358,0.8349180096905991,-0.04576611576611578,-0.005525418681521936,-0.044247352941011044,0.021903889978416042,-0.027036123708845766,0.030984783900169562,0.015436328865713365,0.03153437884363244,0.022294062868327448,0.04729627496603426,0.027141504128087007,0.035219594334900024,0.059022841112750815,0.03867600844074883
gradient_boosting|standardization|label|pre=none|tune=none|post=calibrate_equalized_odds,3,0.7380074685463907,0.7756343491685378,0.8814484672853773,0.8247061333694949,-0.06579614579614579,-0.009692085348188587,-0.029516268578655896,0.04795429136169419,-0.06500655381637262,0.007131087990524084,0.013654310052779726,0.03639160749783628,0.008932882075482172,0.06818141008789648,0.03394171268289068,0.06231507710900749,0.019406325582706534,0.08449274005069705
gradient_boosting|standardization|label|pre=none|tune=none|post=reject_option_classification,3,0.7269904635174096,0.8689158172873833,0.7270826455375813,0.7802141222621772,-0.00814254814254813,0.01816813905820273,-0.06781684451728465,0.003482230287631218,0.03090050285177223,0.08299452585054305,0.04306133828086644,0.177610954412104,0.0967604064196135,0.04283755582389528,0.0369878390530925,0.023146134610327433,0.041543245050526104,0.024188057210994325
gradient_boosting|standardization|label|pre=none|tune=random|post=none,3,0.7609945274615934,0.7813231762771591,0.9186383478228972,0.8433694726992073,-0.03642509642509643,0.013086825281349967,-0.03787407550682268,0.07084928703291343,-0.020770137714877273,0.0230157669487005,0.03476949068544126,0.04196257911127434,0.01122486870695558,0.06061065384872399,0.028641401616268335,0.045627584731449615,0.09174599048139657,0.049340699385791296
gradient_boosting|standardization|label|pre=none|tune=random|post=calibrate_equalized_odds,3,0.7499955044865224,0.7663585148215367,0.9286526539745424,0.838588723674308,-0.05423829423829422,-0.0013071141125893988,-0.03584364677282833,0.06158727544762747,-0.04838942313570547,0.009814248539471923,0.028613880077936683,0.04998285002633993,0.006257215851875567,0.030250183825708064,0.026673655304750257,0.062133279968277035,0.0707933251742204,0.030498133949502525
gradient_boosting|standardization|label|pre=none|tune=random|post=reject_option_classification,3,0.7549975124825424,0.8470913526701004,0.7928603744054388,0.8180433688486334,0.01528479528479528,0.031157833440128013,-0.08031469557461328,0.0023192812395367857,0.06347564252241467,0.04509652858520764,0.006427759663353228,0.07298766864614416,0.0409348427885138,0.006587197149584099,0.04284606268820052,0.0314982677491547,0.04409841771525609,0.0197258236583342
logistic_regression|standardization|label|pre=reweighing|tune=none|post=none,3,0.7469925014835196,0.781840514433608,0.8857158578188621,0.8305163865816754,-0.032556612556612574,-0.01419734102255151,-0.06529949742273877,-0.010647206361531178,-0.0041352222693525715,0.014992860285374159,0.009230663056589117,0.015051661645019717,0.010523686014132944,0.030362631138901957,0.01877292146755027,0.040781959759274164,0.04178935705916403,0.015360923966560693
logistic_regression|standardization|label|pre=reweighing|tune=none|post=calibrate_equalized_odds,3,0.7419934904964846,0.7684704533579371,0.9043077412176124,0.830722008586136,-0.05883981883981885,-0.03313673496194547,-0.05722617668470379,-0.012871314448404095,-0.04033664746096011,0.006387351098044707,0.012927252071661673,0.014823987832820585,0.0012713703762800962,0.03807142489516431,0.04179417684205889,0.06072340978259696,0.03199419133161985,0.061659289876096285
logistic_regression|standardization|label|pre=reweighing|tune=none|post=reject_option_classification,3,0.7280064495633359,0.8605380346318672,0.7300050132668158,0.7897253779627706,0.01001414001413999,0.08140003005968995,-0.016438225721903565,0.07669184981806804,0.027120132645061135,0.007175528638914674,0.011389044851732638,0.019550960576878783,0.008109075234717236,0.009778525689986911,0.08381767753197712,0.015965649439855987,0.08325548351717547,0.019566910362653008
logistic_regression|standardization|label|pre=reweighing|tune=random|post=none,3,0.7079984175792559,0.8554471539143388,0.7014355061565363,0.7708011122405877,-0.017898877898877934,0.04504736436020995,-0.015701633476480088,0.06133190207648686,0.0019954594493650827,0.002032867019144052,0.00644261999234661,0.004203955410078185,0.0009113362078964299,0.03714951994536514,0.1040211786360454,0.030224359157020587,0.09085057451772584,0.05075981182711633
logistic_regression|standardization|label|pre=reweighing|tune=random|post=calibrate_equalized_odds,3,0.6900343457229684,0.8235745809356372,0.7128315175525476,0.7633588732233219,0.09543445543445543,0.08949180880465439,-0.09078908974834417,0.004938967591348459,0.13255101500492064,0.029782142660150578,0.049204033835707435,0.015534515331447476,0.013021934266688157,0.22990684702557812,0.17964571615415278,0.1414669126165669,0.05655132527316504,0.27042856644274327
logistic_regression|standardization|label|pre=reweighing|tune=random|post=reject_option_classification,3,0.7169924415433399,0.8642159427873713,0.7071212843745033,0.7776105945189146,0.0026006426006425962,0.06471683372107806,-0.023944045471981184,0.06115172514503884,0.025181448610085876,0.006715817677148845,0.014023688785266811,0.01835233452659353,0.0076617077468701,0.025144518122480527,0.08340314246777805,0.014226794296755368,0.08444604579232454,0.016193703697477912
random_forest|standardization|label|pre=reweighing|tune=none|post=none,3,0.7600085115055174,0.7897146022932185,0.895742391450546,0.8393196139762514,-0.03288911288911286,0.0007843516158556607,-0.05257796602179662,0.0171346041989839,-0.009725993036342731,0.007522552850578945,0.003951067586188707,0.017570432512718715,0.006651635168063383,0.03777724435646617,0.06803204824241985,0.036862525540515084,0.10701142132220662,0.019960212380627566
random_forest|standardization|label|pre=reweighing|tune=none|post=calibrate_equalized_odds,3,0.7429944914974854,0.7669777312634456,0.9114791582602741,0.8324500365070281,-0.08591983591983587,-0.021816658485154423,-0.02423852423852424,0.056241786003690765,-0.08834962415822067,0.02596748261419204,0.02846438289302819,0.030741626600046482,0.014126578352156922,0.0896564282161614,0.08488502576697265,0.04616772184898187,0.046597963368456424,0.11325585667161187
random_forest|standardization|label|pre=reweighing|tune=none|post=reject_option_classification,3,0.7039584494674315,0.8691988669394323,0.6812907327928787,0.7612692100483757,0.004928284928284954,0.03014243128722553,-0.06802358589850425,0.01573846001008263,0.04524425518496263,0.04093710675923714,0.026827556073453353,0.08489968565760964,0.04589149789275919,0.018380993136027264,0.058078101821783586,0.03738549071990731,0.04474134793681641,0.0356700330759754
random_forest|standardization|label|pre=reweighing|tune=random|post=none,3,0.7399705094315873,0.7999758621067992,0.8514116625704609,0.8199844451097374,-0.015845915845915843,0.018819195525793402,-0.051732075263537514,0.04395697267951043,0.013501319587326874,0.025933776813458407,0.059754953422200524,0.09924323049780134,0.023198145829810588,0.05027704169389164,0.04290516347720755,0.024926278561657106,0.059475874373391156,0.03190314655570295
random_forest|standardization|label|pre=reweighing|tune=random|post=calibrate_equalized_odds,3,0.7359784934635235,0.7948284542133958,0.8528361639949623,0.8179040200313658,0.004154084154084174,0.024374751081348938,-0.06764686223095606,0.03461069030691225,0.037112430698437976,0.01916217352612902,0.05809203898363816,0.09952832997062636,0.020657563103502957,0.03597110628864343,0.04943224834161706,0.04474058776913322,0.04846104983550414,0.023087031671558744
random_forest|standardization|label|pre=reweighing|tune=random|post=reject_option_classification,3,0.7430064795334257,0.8540328188012793,0.764309208515217,0.8049456012232182,-0.029748559748559722,0.007640555363297071,-0.042839431092045244,0.02166851940812245,0.0051181255036345475,0.03795464384554991,0.010127158246578005,0.07855515288179618,0.03861363551072389,0.011776022246792904,0.054185483402527886,0.04504556086330699,0.06088778892331599,0.037620882642881284
gradient_boosting|standardization|label|pre=reweighing|tune=none|post=none,3,0.7610095125065185,0.7949898327805305,0.8871587004634215,0.8385238065951497,-0.01991242991242992,-0.003443099266302226,-0.06894758541432493,-0.00960606783943759,0.014366883230213484,0.03404478090045156,0.017917957158339052,0.031540821496600494,0.023979152457885716,0.04212599447973119,0.02056778927393504,0.03183468483019048,0.059973752960779274,0.03709730234615241
gradient_boosting|standardization|label|pre=reweighing|tune=none|post=calibrate_equalized_odds,3,0.7500074925224626,0.781865903024217,0.8914505459569838,0.8329125930635634,-0.02119644119644119,-0.00270780514865517,-0.06634862606605092,-0.007740885187316897,0.005729153944950975,0.02199969873442435,0.004681136105956508,0.034836473139094125,0.017463869601265117,0.05451089994232941,0.032540340466530565,0.04632685577156301,0.027710410612576546,0.05410047258040699
gradient_boosting|standardization|label|pre=reweighing|tune=none|post=reject_option_classification,3,0.7180443916970863,0.8644789821910962,0.7086925155594684,0.7755483414226583,0.004736834736834765,0.05260426446240166,-0.03736000344608533,0.04030155384355408,0.03155760084663844,0.06511326944210896,0.009061927001796583,0.11294371013210328,0.06501609289537155,0.03256475140227088,0.05225634043968642,0.037164090768439816,0.03344588073566431,0.030187567933720086
gradient_boosting|standardization|label|pre=reweighing|tune=random|post=none,3,0.7409954865044686,0.7694154379760216,0.9000158957240503,0.8294281842504546,0.025356265356265378,0.019067929987585996,-0.08843950958573406,-0.013041650331009716,0.061118674195502265,0.007165950012284448,0.009254773407969027,0.02352352342544705,0.006664205516192833,0.06588022866002761,0.026946527955557097,0.07008637483292192,0.03947286580145241,0.08109037178429403
gradient_boosting|standardization|label|pre=reweighing|tune=random|post=calibrate_equalized_odds,3,0.7339944735154317,0.760871931410965,0.9057383563821332,0.8265720947563152,0.012580412580412611,0.010797727967383949,-0.08311977330069105,-0.010635353094233005,0.04112335813163781,0.006572448903923067,0.0182873599350211,0.029598077214008346,0.001686974734911367,0.028404033791126698,0.01760524284618864,0.07381882453059933,0.032302242080611825,0.03641040319526342
gradient_boosting|standardization|label|pre=reweighing|tune=random|post=reject_option_classification,3,0.7459885034735335,0.8486032839513049,0.775674651211132,0.8103150287170124,-0.0054317254317254315,0.0173277658352959,-0.06683895825449897,0.008451017383355667,0.03548511435060155,0.012469573351681761,0.009786643428333897,0.0241227790838242,0.01187742806407802,0.011839609781482649,0.01987338312213081,0.0494633961934464,0.0158492653582532,0.02278653894875962
logistic_regression|none|none|pre=disparate-impact-remover|tune=none|post=none,3,0.7459974945004886,0.7919584954604412,0.8642994265311862,0.8265025018271771,-0.041569611569611586,-0.01233837127842933,-0.054497076898908516,0.005703812248677794,-0.01564596606620548,0.0211327109150188,0.01529600310018737,0.01716810045430194,0.014285797256009713,0.018701372065225166,0.024974148454382172,0.03742166666676098,0.039434325535714486,0.006822405702662308
logistic_regression|none|none|pre=disparate-impact-remover|tune=none|post=calibrate_equalized_odds,3,0.7389994785204367,0.7711383834109183,0.8929056160815817,0.8271923611027737,-0.08634900634900633,-0.04548231067236874,-0.041576495232969024,0.0008385405008486576,-0.07547023434506704,0.006022961385021447,0.015237045502395635,0.029697097406951322,0.005905557333407247,0.07253169383391762,0.07143344766968611,0.07686530896393556,0.07958987830889157,0.10961225497283726
logistic_regression|none|none|pre=disparate-impact-remover|tune=none|post=reject_option_classification,3,0.7350074625523728,0.8645909545410203,0.7371458616093808,0.7956713490519962,0.010091140091140057,0.07796815581416434,-0.021418040244682784,0.07157075602763292,0.030507826502507152,0.006462759931857754,0.013566589103042708,0.013003722377919028,0.005065911931074256,0.004457544846672051,0.07809554186960352,0.01431823456513182,0.08327969703830534,0.011691541350409198
logistic_regression|none|none|pre=disparate-impact-remover|tune=random|post=none,3,0.7110253966541391,0.8312380125770646,0.7472641013413545,0.7813437347431881,0.006459816459816414,0.07640823928804286,-0.007570384244289056,0.09103335895431541,0.0192896203288799,0.022198210696686267,0.054288528435684526,0.10978116747794762,0.03497222127674825,0.08067188985290609,0.10944650899154587,0.01769606451942899,0.0566048365134889,0.07729899811550349
logistic_regression|none|none|pre=disparate-impact-remover|tune=random|post=calibrate_equalized_odds,3,0.6910623198048347,0.7920128504346368,0.7672193487644131,0.7753775178740375,0.14267064267064267,0.13903450191430547,-0.0849255377074634,-0.06655449762710841,0.17252304149708372,0.053991416565435074,0.06668660383594742,0.09756129303203197,0.04393189766481944,0.29080388815827096,0.21881419570909633,0.1543656389616177,0.2261500122133087,0.3319611564219905
logistic_regression|none|none|pre=disparate-impact-remover|tune=random|post=reject_option_classification,3,0.7290014565463668,0.8621733574848701,0.7300111270068351,0.7904629938201229,0.002265972265972249,0.06000004104789599,-0.027937443344775364,0.05467659680250208,0.029552094373836862,0.01207806185054283,0.0212614450278825,0.007995011947985794,0.006748843138197037,0.03104931715830364,0.07983433515018847,0.03737072358901105,0.0976774056583091,0.0434137001178082
random_forest|none|none|pre=disparate-impact-remover|tune=none|post=none,3,0.7590105075135015,0.7895844566153031,0.8943056625460059,0.838650805705169,-0.031807611807611824,0.03596736979958245,-0.023616771877926174,0.0880770909030355,-0.02802885990307617,0.029944662629450714,0.021920133357505686,0.0176640836090833,0.019244677094880997,0.02745022477937346,0.026664065064175173,0.05492905728519394,0.07043227309573576,0.03357104220266757
random_forest|none|none|pre=disparate-impact-remover|tune=none|post=calibrate_equalized_odds,3,0.7520124915334496,0.7736848247658695,0.9129036596847756,0.8373765707348841,-0.06592865592865593,0.009389086971299587,-0.014397805397472522,0.0795156418147213,-0.07342607362514965,0.015083091100093914,0.0074381762847678945,0.028924850308997684,0.012145426796640957,0.03284513046371426,0.03756688205679248,0.06821745903176347,0.03334484009692733,0.05602156272692404
random_forest|none|none|pre=disparate-impact-remover|tune=none|post=reject_option_classification,3,0.7419785054515593,0.8696862034890204,0.7442255725517528,0.7988316668361186,-0.0030732130732130845,0.0325761224459438,-0.058943382727718006,0.02040181716739875,0.037062853509907095,0.05293079982452611,0.013246322835148166,0.10321991731935612,0.05701815158552133,0.04201187879798354,0.05130661303430667,0.017109538316063485,0.056228503573527634,0.03587871181165011
random_forest|none|none|pre=disparate-impact-remover|tune=random|post=none,3,0.7379894864924804,0.8008929522311518,0.8427668341831432,0.8168488505666346,-0.014405454405454413,0.020586082910855768,-0.049233731060215224,0.05350516589115656,0.005440286027821928,0.01090745105036217,0.04999162920032849,0.09821813134398835,0.02453306577573625,0.04775619098311831,0.05719343512636063,0.056473055339733104,0.04303530694707411,0.03679096494663541
random_forest|none|none|pre=disparate-impact-remover|tune=random|post=calibrate_equalized_odds,3,0.7429974885064706,0.7984097384097385,0.8585036009928714,0.821933212932167,-0.03386414386414386,-0.0016361393113664506,-0.04983514768553695,0.02910670253444908,-0.013581453102612847,0.015171729489827675,0.05217824051734252,0.112903857022486,0.029155811165143354,0.039422962682042526,0.05427825286365369,0.06384591941637875,0.04206825538952054,0.05234827663835442
random_forest|none|none|pre=disparate-impact-remover|tune=random|post=reject_option_classification,3,0.7419785054515593,0.8716564137616768,0.7442378000317914,0.7983373659180439,-0.00574154574154571,0.030747650937674287,-0.04920339516482549,0.02739925286920684,0.03263902563615586,0.05013075607758786,0.027931620849291666,0.11323101207810905,0.057513123825916314,0.01814910794377262,0.03919411740336911,0.05908715073882744,0.03614383427420356,0.04797529108000472
gradient_boosting|none|none|pre=disparate-impact-remover|tune=none|post=none,3,0.7540294785803768,0.8061646726955622,0.8543156890796376,0.8295053627225727,-0.045982275982275965,-0.012927319121920208,-0.04931498383193041,0.014381192858762706,-0.02239348822331257,0.033069976573004846,0.0258517247958008,0.019277948527131255,0.022065884921837163,0.03374289951944112,0.03436720285729597,0.04470364640888526,0.05537299172897573,0.020371373897507504
gradient_boosting|none|none|pre=disparate-impact-remover|tune=none|post=calibrate_equalized_odds,3,0.7450294605983229,0.7892241024374176,0.867185111820305,0.82633578917051,-0.06196364196364194,-0.0238490362936374,-0.04194968898696346,0.013251354144481633,-0.04827666253302968,0.027057482947988508,0.013057346292014467,0.02777193439363049,0.019738282839218396,0.05952739538420324,0.05248069085992136,0.06888054506796767,0.024894283507304722,0.06777518473358747
gradient_boosting|none|none|pre=disparate-impact-remover|tune=none|post=reject_option_classification,3,0.7380104655553757,0.8633529104968366,0.749990829389971,0.7952288321768332,0.0032801332801332683,0.024409847032384507,-0.06732057610135204,0.007040329895441418,0.04164399571749964,0.06519761410054632,0.03964343790232558,0.14602860956195277,0.0715766287638324,0.03183037307439217,0.037543402700772485,0.07670564741015609,0.028620810946122552,0.015353589180969419
gradient_boosting|none|none|pre=disparate-impact-remover|tune=random|post=none,3,0.7610035184885485,0.7932672044927186,0.8957790738906618,0.8401502598856734,-0.03445676445676449,0.011809174436296588,-0.04067483397853781,0.05725876170535251,-0.014264802478627528,0.03317327376986663,0.043014659495412,0.04286377397837566,0.01778640859268669,0.04114229225673298,0.04345879477642279,0.04563749363677338,0.0832159237136966,0.008475818334866032
gradient_boosting|none|none|pre=disparate-impact-remover|tune=random|post=calibrate_equalized_odds,3,0.7469984955014896,0.7713978494623657,0.9115097269603707,0.8344056396301407,-0.06379764379764381,-0.003216078088955928,-0.02747114133382474,0.062413184792187916,-0.06074423566037488,0.013576180770229667,0.030097540586538112,0.0508548465263047,0.008734606186104853,0.08522222406025838,0.061050995924032,0.07938433033188542,0.050773297478257484,0.11366728794189314
gradient_boosting|none|none|pre=disparate-impact-remover|tune=random|post=reject_option_classification,3,0.7330294366222511,0.8600844788135343,0.7386437279141141,0.7941534838121633,0.010839160839160847,0.03478866367978317,-0.06758102413338174,0.012008779872306974,0.05221969292844748,0.03502912755790027,0.008931597670657722,0.05313728535062066,0.03280847271363564,0.03177930803235536,0.02265226573619947,0.01637127505547021,0.04516406895435934,0.01936598653002917
logistic_regression|none|one-hot|pre=disparate-impact-remover|tune=none|post=none,3,0.7380164595733459,0.7943201345716329,0.8443074966680116,0.8185459637741795,-0.04063861063861066,-0.01239511034656778,-0.05463502412081108,0.009510569417170647,-0.016890984632860855,0.02417022565714378,0.014663728875853058,0.020000319070947157,0.017125278603035095,0.001451593196781908,0.03581101119047762,0.03895341835198636,0.048113019670998534,0.011262824342306988
logistic_regression|none|one-hot|pre=disparate-impact-remover|tune=none|post=calibrate_equalized_odds,3,0.7380224535913159,0.7771640350929134,0.8771994179719501,0.8239736130761023,-0.07915866915866916,-0.0442132921647496,-0.04475298454201482,-0.0058812928491261685,-0.06529968595180059,0.01996029516480345,0.0031169698811751743,0.034555741241022925,0.016793291316385746,0.08407560184435725,0.09400935819226493,0.0688598597982964,0.062213047740081,0.10499118429147337
logistic_regression|none|one-hot|pre=disparate-impact-remover|tune=none|post=reject_option_classification,3,0.6990163816511122,0.8773013403076084,0.6628944890747466,0.7549884361202718,0.0010903210903210891,0.055660308382667965,-0.025837776273708906,0.05134355753478248,0.02531432452834996,0.016050904611467177,0.014346788846525356,0.022741414273407708,0.015575464537698144,0.047353912172501164,0.08442539374558759,0.03283554670405528,0.04675755108514986,0.058884543716571945
logistic_regression|none|one-hot|pre=disparate-impact-remover|tune=random|post=none,3,0.7189974405543268,0.8094899753906759,0.7942298521697664,0.7955576427813966,-0.026315266315266334,0.01015874554542621,-0.03281178710268392,0.03952760720211429,-0.006844238851016635,0.024126060638291123,0.052598856442886,0.11866850027566604,0.03974849550486167,0.07384615520097593,0.030829980713500155,0.07686832660352141,0.04333245761306218,0.08234964602092572
logistic_regression|none|one-hot|pre=disparate-impact-remover|tune=random|post=calibrate_equalized_odds,3,0.7180054305802809,0.8034989460280775,0.8042319308413729,0.7966489380465073,-0.014377944377944374,0.011168846555527226,-0.0430297134770495,0.02529165988794735,0.007247768175772991,0.02743316590479413,0.05764464695366957,0.12866320289878042,0.04220680790816068,0.06991282295502338,0.04099627058254456,0.09556183549613276,0.051419919833070205,0.08835629275026896
logistic_regression|none|one-hot|pre=disparate-impact-remover|tune=random|post=reject_option_classification,3,0.7000233766700833,0.8790385783367197,0.6686352909528875,0.7552504317789293,0.036334026334026326,0.08227470283428355,-0.04749400653886323,0.03984707618564012,0.06580404679045117,0.02710166971671119,0.04930749241033036,0.09026854883192358,0.03886080598098739,0.013369151690311417,0.0690293544955159,0.021836578161089398,0.05447092195078517,0.02704910267918933
random_forest|none|one-hot|pre=disparate-impact-remover|tune=none|post=none,3,0.7620105135075196,0.7803164062156869,0.9185894379027427,0.8438060364115251,-0.021625121625121608,-0.004437823103074982,-0.06773683292314747,-0.00916259703495842,0.005891330158394177,0.01180097662259986,0.0038088619974047996,0.015307452308049523,0.008628357872993897,0.011370022334396981,0.03570827449263506,0.05037001430471197,0.07045649677063763,0.030126978846597676
random_forest|none|one-hot|pre=disparate-impact-remover|tune=none|post=calibrate_equalized_odds,3,0.7319864774954595,0.74422971329391,0.9429098956995953,0.8312749093054629,-0.10574154574154575,-0.039223176638428524,-0.02431182859628256,0.04634620142477034,-0.1186814930951794,0.012547276900441311,0.023657654271068255,0.03226642008176561,0.0022516849655771823,0.08748352904055055,0.066251819408336,0.09041526468187074,0.047193906861146634,0.13326731574862907
random_forest|none|one-hot|pre=disparate-impact-remover|tune=none|post=reject_option_classification,3,0.7410194625763489,0.8487465947396261,0.7686132814888179,0.8055240539619578,0.013910133910133885,0.027875882249093504,-0.07969178088256663,0.0033846537598435458,0.060488017812292294,0.01789318352736446,0.026713810275986554,0.05171591288905848,0.019458567381450024,0.05140242286496538,0.10217668380924864,0.03158588644427144,0.08096432153017373,0.034155028216759954
random_forest|none|one-hot|pre=disparate-impact-remover|tune=random|post=none,3,0.7509995024965085,0.7632651799816514,0.9372057762615703,0.8404334171833288,-0.027772107772107774,0.0007137597599266391,-0.0544195453029365,-0.011054586374330766,-0.011008079971746354,0.012019736472559354,0.0258281422808483,0.04485607888312488,0.006135572051236651,0.05100251067485586,0.01353643657176345,0.04523961206611812,0.11731630952036051,0.05356897005821798
random_forest|none|one-hot|pre=disparate-impact-remover|tune=random|post=calibrate_equalized_odds,3,0.7289834744924565,0.7393338409754292,0.9529425430712984,0.831217430961586,-0.0820895020895021,-0.0216347250885582,-0.029089112578208638,0.1321356605130637,-0.09227348649136043,0.0207429500211067,0.0354995483609016,0.0524778952827839,0.006321645593211671,0.039629390854072834,0.02839091179666908,0.07245859167416477,0.1559730364052187,0.07178285993432727
random_forest|none|one-hot|pre=disparate-impact-remover|tune=random|post=reject_option_classification,3,0.7329754904605204,0.8644682025799328,0.7398909308780554,0.7888868457622958,-0.03258559258559257,-0.015775676476341927,-0.06930660644093008,-0.003807046940512112,0.013138547267435038,0.07225700274848358,0.03547909442511628,0.15436277465429762,0.08375842979064857,0.021262934021791906,0.07301858330819021,0.029687050547663737,0.060293534505128234,0.03476454159736937
gradient_boosting|none|one-hot|pre=disparate-impact-remover|tune=none|post=none,3,0.7430244615873359,0.7908884054862791,0.8600381497377206,0.8239792483932328,-0.03301126301126304,-0.03782266628327228,-0.08507507829329557,-0.04433606700292866,0.0068631310693822905,0.04574180110753038,0.026419202788235535,0.03963561419107009,0.032258171281335485,0.04615137811735396,0.03173683922375603,0.05286357030024529,0.029527005778260902,0.0354668570788872
gradient_boosting|none|one-hot|pre=disparate-impact-remover|tune=none|post=calibrate_equalized_odds,3,0.7310184435932939,0.76981012067204,0.8786300331364708,0.8201751920013454,-0.0701129801129801,-0.05688832284892886,-0.06555155436986378,-0.04018546332718572,-0.048764055948057196,0.020922228554167113,0.0026410775375184056,0.04794057182080985,0.019220198201149178,0.06076154349171797,0.02024488821757527,0.08269835720494977,0.020076249166513304,0.086354493565927
gradient_boosting|none|one-hot|pre=disparate-impact-remover|tune=none|post=reject_option_classification,3,0.7020103936271601,0.8630911280664627,0.6871476957313867,0.7530762397026093,-0.01623420623420624,0.015279710888091177,-0.04415292310029151,0.012444998148863351,0.01625892239613831,0.10399388104023194,0.02469038732628726,0.19530099844871768,0.11604256580092924,0.029366620982235768,0.06001858969338837,0.07710093363052115,0.05858221698762857,0.04116492368309299
gradient_boosting|none|one-hot|pre=disparate-impact-remover|tune=random|post=none,3,0.7450354546162931,0.7847097470624355,0.875799371507526,0.8273561619908674,-0.02044975044975043,-0.01170728268261545,-0.07315317135862438,-0.021345612237804956,0.0122052974971395,0.037210961921534544,0.01278093047270117,0.054362387194768394,0.02954472410071046,0.04276108214968572,0.014123712267956069,0.023545749018198184,0.06192714101480414,0.04271399654701336
gradient_boosting|none|one-hot|pre=disparate-impact-remover|tune=random|post=calibrate_equalized_odds,3,0.732031432630235,0.7617873161321437,0.8986831003998385,0.8236373759001311,-0.06238014238014237,-0.036770413995746765,-0.056210553854037726,-0.029075518302057828,-0.04840948461571415,0.027386597263167282,0.005380679776531156,0.06800286283037967,0.026319047068238552,0.05263424250479339,0.04708463950774725,0.06520470735132898,0.06015241340245641,0.07616222371689026
gradient_boosting|none|one-hot|pre=disparate-impact-remover|tune=random|post=reject_option_classification,3,0.735037432642223,0.8516510963825308,0.7529254245992444,0.798832227868587,-0.0034018634018633995,0.009006480234841666,-0.07550860826261156,-0.006075794307821116,0.04119053455735423,0.034571526729759966,0.026104837716722507,0.04227422847119101,0.029283680969572012,0.01427040106609792,0.03453769093408571,0.03336934513248279,0.05316310866545868,0.01220529533110199
logistic_regression|none|label|pre=disparate-impact-remover|tune=none|post=none,3,0.7439924954895014,0.7900588269009322,0.8643055402712055,0.8253835848947907,-0.03557326557326557,-0.005520701681855107,-0.053897511732147775,0.008223815100092199,-0.009110362733679536,0.017749185226572758,0.016846576858353397,0.017613419732466936,0.011485133808934341,0.03534415260655853,0.026353193970157215,0.023818335787463448,0.05894336250068268,0.024080550938252576
logistic_regression|none|label|pre=disparate-impact-remover|tune=none|post=calibrate_equalized_odds,3,0.7389964815114515,0.7714031452350406,0.892911729821601,0.8271872649788223,-0.07727265727265724,-0.038664641075794516,-0.044657402485776466,-0.0029007526482729786,-0.06328557382070689,0.005438325301061805,0.019309933106246433,0.033711987378918055,0.00496068835099024,0.05035007626277266,0.06855236739705764,0.05626939871592302,0.07086771693409928,0.07745706938643668
logistic_regression|none|label|pre=disparate-impact-remover|tune=none|post=reject_option_classification,3,0.7310034585483688,0.8642945387596309,0.7314295146913171,0.7916635991116361,-0.0012488712488712232,0.06671037916748408,-0.016661495981777612,0.06989455413147212,0.018712546276080655,0.009493861750548574,0.018953207684709077,0.03648516798512006,0.013820769845283994,0.018685395313943597,0.08482206648603305,0.015548918728318182,0.07479606124277549,0.031594610175323105
logistic_regression|none|label|pre=disparate-impact-remover|tune=random|post=none,3,0.7210204216192239,0.8310943773769927,0.7644070283555262,0.7901075207594888,-0.009781529781529796,0.024211734800560564,-0.04951373092391923,0.013919177890917955,0.02152010835563734,0.031053733304584084,0.04533303191210744,0.12656389567115395,0.043110621638210764,0.01976844030780562,0.1001105844381623,0.02039604050318455,0.09823622479350094,0.024051445341956485
logistic_regression|none|label|pre=disparate-impact-remover|tune=random|post=calibrate_equalized_odds,3,0.6980513447579316,0.7879480706808001,0.7872173923676069,0.7826250431884235,0.12036862036862035,0.09018395702278277,-0.11924803160718056,-0.13440396090670118,0.16216750978932906,0.04797772502513394,0.05358053904297462,0.11840274771329333,0.04570924452617165,0.2892424599839512,0.230520505152197,0.13489335480264952,0.18247557570903944,0.33307536320876246
logistic_regression|none|label|pre=disparate-impact-remover|tune=random|post=reject_option_classification,3,0.7239784694874515,0.86648622991744,0.7170744531259553,0.7839340300718778,-0.0020853720853721094,0.05223258453551042,-0.03376324586767684,0.049903157242437796,0.02548525874659842,0.02010061931696049,0.023427486364577536,0.042833367396613475,0.021035823996955156,0.03304099006156831,0.0789420280179295,0.021898770010037424,0.07393798301118627,0.021389395027525147
random_forest|none|label|pre=disparate-impact-remover|tune=none|post=none,3,0.7570085055114996,0.7876914265325858,0.8943056625460059,0.8375599311083182,-0.025073605073605083,0.03596736979958245,-0.030180297428793506,0.08016569849797221,-0.017276171731033147,0.03238047675877182,0.024601003504491004,0.0176640836090833,0.020483638490023395,0.03534950720651241,0.026664065064175173,0.04361405426830651,0.06381397611656613,0.02858030549995909
random_forest|none|label|pre=disparate-impact-remover|tune=none|post=calibrate_equalized_odds,3,0.7500104895314476,0.7718824112083662,0.9129036596847756,0.8362957233505348,-0.059194649194649195,0.009389086971299587,-0.02096133094833985,0.071604249409658,-0.06267338545310663,0.016283051003199437,0.010552724213199013,0.028924850308997684,0.012394045883905054,0.03504551898788023,0.03756688205679248,0.06011172937579524,0.028261587063427802,0.05075067171316742
random_forest|none|label|pre=disparate-impact-remover|tune=none|post=reject_option_classification,3,0.7429765094435753,0.8698982755057522,0.7456500739762543,0.7997072128039465,0.00026012026012025197,0.03813167800149938,-0.05795131923565452,0.024401352416933992,0.039840631287684884,0.05356316403480438,0.013110558973415235,0.10411700204246262,0.05759817769645034,0.0414584974877951,0.06007685764651575,0.015541035000272372,0.06301569655183989,0.03778648180972925
random_forest|none|label|pre=disparate-impact-remover|tune=random|post=none,3,0.7379894864924804,0.8008929522311518,0.8427668341831432,0.8168488505666346,-0.014405454405454413,0.020586082910855768,-0.049233731060215224,0.05350516589115656,0.005440286027821928,0.01090745105036217,0.04999162920032849,0.09821813134398835,0.02453306577573625,0.04775619098311831,0.05719343512636063,0.056473055339733104,0.04303530694707411,0.03679096494663541
random_forest|none|label|pre=disparate-impact-remover|tune=random|post=calibrate_equalized_odds,3,0.7429974885064706,0.7984097384097385,0.8585036009928714,0.821933212932167,-0.03386414386414386,-0.0016361393113664506,-0.04983514768553695,0.02910670253444908,-0.013581453102612847,0.015171729489827675,0.05217824051734252,0.112903857022486,0.029155811165143354,0.039422962682042526,0.05427825286365369,0.06384591941637875,0.04206825538952054,0.05234827663835442
random_forest|none|label|pre=disparate-impact-remover|tune=random|post=reject_option_classification,3,0.7419785054515593,0.8716564137616768,0.7442378000317914,0.7983373659180439,-0.00574154574154571,0.030747650937674287,-0.04920339516482549,0.02739925286920684,0.03263902563615586,0.05013075607758786,0.027931620849291666,0.11323101207810905,0.057513123825916314,0.01814910794377262,0.03919411740336911,0.05908715073882744,0.03614383427420356,0.04797529108000472
gradient_boosting|none|label|pre=disparate-impact-remover|tune=none|post=none,3,0.7540294785803768,0.8061646726955622,0.8543156890796376,0.8295053627225727,-0.045982275982275965,-0.012927319121920208,-0.04931498383193041,0.014381192858762706,-0.02239348822331257,0.033069976573004846,0.0258517247958008,0.019277948527131255,0.022065884921837163,0.03374289951944112,0.03436720285729597,0.04470364640888526,0.05537299172897573,0.020371373897507504
gradient_boosting|none|label|pre=disparate-impact-remover|tune=none|post=calibrate_equalized_odds,3,0.7450294605983229,0.7892241024374176,0.867185111820305,0.82633578917051,-0.06196364196364194,-0.0238490362936374,-0.04194968898696346,0.013251354144481633,-0.04827666253302968,0.027057482947988508,0.013057346292014467,0.02777193439363049,0.019738282839218396,0.05952739538420324,0.05248069085992136,0.06888054506796767,0.024894283507304722,0.06777518473358747
gradient_boosting|none|label|pre=disparate-impact-remover|tune=none|post=reject_option_classification,3,0.7380104655553757,0.8633529104968366,0.749990829389971,0.7952288321768332,0.0032801332801332683,0.024409847032384507,-0.06732057610135204,0.007040329895441418,0.04164399571749964,0.06519761410054632,0.03964343790232558,0.14602860956195277,0.0715766287638324,0.03183037307439217,0.037543402700772485,0.07670564741015609,0.028620810946122552,0.015353589180969419
gradient_boosting|none|label|pre=disparate-impact-remover|tune=random|post=none,3,0.7540174905444367,0.7881015609995489,0.8915055696171575,0.8354065809248755,-0.026365596365596395,0.017556300873078207,-0.04362773142469919,0.05997560999150366,-0.00861346148245895,0.03634034438305907,0.040450173711500614,0.04973453516511426,0.022705445852440696,0.03488837795221087,0.04648316517254516,0.04971437691314306,0.08362542163820455,0.010006800171701075
gradient_boosting|none|label|pre=disparate-impact-remover|tune=random|post=calibrate_equalized_odds,3,0.7390144635653618,0.7660645161290324,0.905811721262365,0.8288959977568625,-0.059039809039809064,-0.003024507207729843,-0.030975392338075742,0.05935907664383664,-0.05787067244198408,0.018425826703584645,0.023098936644129115,0.06045418972671388,0.017289345067337657,0.08982271653885916,0.06124795720668889,0.08544616870644865,0.053138960287417374,0.11753404782382194
gradient_boosting|none|label|pre=disparate-impact-remover|tune=random|post=reject_option_classification,3,0.7370214525903149,0.85856704200198,0.7471907364611227,0.7987232080968519,0.013716653716653685,0.030765675174036056,-0.0770094386587004,0.0032398464809372807,0.05854153200890725,0.030369622218921134,0.009093071597312524,0.041773731578582975,0.02715246314609083,0.028626131544076918,0.015694132805511983,0.03264926354837212,0.03238361858200441,0.01786950353494989
logistic_regression|standardization|none|pre=disparate-impact-remover|tune=none|post=none,3,0.7419934904964846,0.7886304909560723,0.8628688113666655,0.824022487418155,-0.03519960519960522,-0.010255037945095968,-0.0590111611103186,0.0016190682391121387,-0.00753016244424735,0.018879332623566728,0.015236716266465692,0.014690679927641732,0.012398930838899366,0.022900111193384174,0.022841669406665332,0.03260849208233974,0.04408431255821792,0.011273012689672792
logistic_regression|standardization|none|pre=disparate-impact-remover|tune=none|post=calibrate_equalized_odds,3,0.7379984775194356,0.7708485731833642,0.891475000917061,0.8264214957704068,-0.07547449547449547,-0.04339897733903538,-0.05018067143972652,-0.011047782042086859,-0.059289914594076655,0.004693508403404189,0.015112128841636662,0.028873234230549372,0.0050936370521634106,0.06203281002207135,0.07079977639408035,0.06910284484393547,0.08034231392715643,0.0939014942249754
logistic_regression|standardization|none|pre=disparate-impact-remover|tune=none|post=reject_option_classification,3,0.7279974585363806,0.8687713012723348,0.7214090947996527,0.7874817311395134,-0.003135373135373154,0.06790972501137411,-0.009817147006395651,0.07525542823454025,0.015371207247860397,0.009273970094873293,0.020925821241257463,0.03834380799382668,0.014861206884123632,0.032396492312209965,0.07526185456797263,0.03204642361988873,0.07125347941261857,0.04322553317031755
logistic_regression|standardization|none|pre=disparate-impact-remover|tune=random|post=none,3,0.7169744594894295,0.8395865911994944,0.7426971375469229,0.7841100254625449,-0.03860244860244858,-0.01393985143047353,-0.053250373016716125,0.011477268602657445,-0.007877568243717862,0.02335810200176289,0.04052291188832717,0.09709296797381396,0.034196047005164674,0.03628910427347527,0.026008990478311303,0.060643862951508025,0.044843764210939475,0.04495568707756286
logistic_regression|standardization|none|pre=disparate-impact-remover|tune=random|post=calibrate_equalized_odds,3,0.7139804475133816,0.8357367157542882,0.7441216389714244,0.7826740265912289,-0.0219357819357819,-0.008384295874917994,-0.06419756889541883,0.002356083682385768,0.01156687620072657,0.018522620459751143,0.04708622205970709,0.09955792488192476,0.031746228409661605,0.04829587564755069,0.035631310236707736,0.07777085163420713,0.041558449181146595,0.06578147222927799
logistic_regression|standardization|none|pre=disparate-impact-remover|tune=random|post=reject_option_classification,3,0.7239874605144067,0.8636659234485321,0.7199479109350354,0.7848147545312166,0.005808465808465835,0.06212409599902998,-0.034028142360647586,0.055204663851074094,0.03176648850704843,0.014109970500830363,0.019295582202999192,0.0316501494878133,0.014806108537651191,0.014540723079332856,0.07326119200989181,0.012569646271626262,0.08147180982894377,0.009036417927257694
random_forest|standardization|none|pre=disparate-impact-remover|tune=none|post=none,3,0.7600115085145025,0.7898690038639148,0.8957362777105266,0.8394296650854081,-0.023649103649103664,0.040869330583896156,-0.02740174611223049,0.08904655664783621,-0.017786076487699753,0.028806155929953513,0.021531476899273067,0.01711330516401359,0.018427780858138638,0.03727454305864706,0.032318276418150584,0.04840100656130498,0.07138213434066526,0.028563516388066524
random_forest|standardization|none|pre=disparate-impact-remover|tune=none|post=calibrate_equalized_odds,3,0.7520124915334495,0.7723891758268518,0.9157648900138171,0.8377744877879488,-0.062274652274652266,0.01220771442227997,-0.015835020125851473,0.08113680116529853,-0.06960130096246141,0.013167819672119661,0.0058395155050029604,0.03134544736608437,0.011629273611699393,0.04374957930030607,0.04107419977312819,0.0646440419535231,0.03251639392257591,0.06005601477739454
random_forest|standardization|none|pre=disparate-impact-remover|tune=none|post=reject_option_classification,3,0.7399765034495575,0.8708029611275171,0.7399337270581906,0.7962383278909698,-0.011749721749721775,0.024792402897518384,-0.05499066140774008,0.021472728624383264,0.02779464964967288,0.05635456229815899,0.01516589239372505,0.11056211794054606,0.06146720749659092,0.028435693461278867,0.05385634671316591,0.01919818333819384,0.054998895940940505,0.028331252333746497
random_forest|standardization|none|pre=disparate-impact-remover|tune=random|post=none,3,0.7389874904844964,0.8018376685043352,0.8427668341831432,0.8173975985411851,-0.017738787738787714,0.020586082910855768,-0.04637314689881803,0.056397446275948705,0.0012736193611552575,0.01238701302751899,0.04924262090427695,0.09821813134398835,0.025141053956849048,0.04663754680108149,0.05719343512636063,0.05170738597415469,0.04653801683389322,0.032428496922992184
random_forest|standardization|none|pre=disparate-impact-remover|tune=random|post=calibrate_equalized_odds,3,0.7439954924984865,0.799347584019117,0.8585036009928714,0.822479804726071,-0.0371974771974772,-0.0016361393113664506,-0.04704349326296864,0.03213651667383782,-0.017748119769279518,0.015514150099883297,0.051457102154183657,0.112903857022486,0.029480744938711674,0.03397042958883237,0.05427825286365369,0.05922408044301447,0.04731603810281628,0.045214518009763255
random_forest|standardization|none|pre=disparate-impact-remover|tune=random|post=reject_option_classification,3,0.7419785054515593,0.8716564137616768,0.7442378000317914,0.7983373659180439,-0.00574154574154571,0.030747650937674287,-0.04920339516482549,0.02739925286920684,0.03263902563615586,0.05013075607758786,0.027931620849291666,0.11323101207810905,0.057513123825916314,0.01814910794377262,0.03919411740336911,0.05908715073882744,0.03614383427420356,0.04797529108000472
gradient_boosting|standardization|none|pre=disparate-impact-remover|tune=none|post=none,3,0.7530284775793757,0.8058937563609009,0.8528850739151168,0.8286954567743269,-0.04455777455777454,-0.010907117101718211,-0.04892977581960375,0.016237438728204923,-0.021383387213211574,0.033399003220239164,0.026002550424230414,0.018983747543503102,0.022277877497389617,0.03609695829565415,0.03675730310769381,0.045350245864793366,0.05628788794832197,0.021175168319019323
gradient_boosting|standardization|none|pre=disparate-impact-remover|tune=none|post=calibrate_equalized_odds,3,0.7440284595973218,0.7889534733524503,0.8657544966557843,0.825536790433263,-0.06053914053914052,-0.021828834273435405,-0.04156517479029457,0.015318308872230688,-0.047266561522928685,0.02679425947817763,0.012948891105585617,0.027568051656170843,0.01954724197050171,0.06070337859943105,0.05366765320440748,0.06928482623438735,0.02655544071811738,0.06807230539283271
gradient_boosting|standardization|none|pre=disparate-impact-remover|tune=none|post=reject_option_classification,3,0.7380104655553757,0.8633529104968366,0.749990829389971,0.7952288321768332,0.0032801332801332683,0.024409847032384507,-0.06732057610135204,0.007040329895441418,0.04164399571749964,0.06519761410054632,0.03964343790232558,0.14602860956195277,0.0715766287638324,0.03183037307439217,0.037543402700772485,0.07670564741015609,0.028620810946122552,0.015353589180969419
gradient_boosting|standardization|none|pre=disparate-impact-remover|tune=random|post=none,3,0.7580095065125007,0.79081158809982,0.8943545724661605,0.8381843587026533,-0.026365596365596395,0.02119614761637319,-0.040837657648709946,0.06429291455921775,-0.008182426999700334,0.0340435251744502,0.041575777582463634,0.04513536879904428,0.019558104901920448,0.03488837795221087,0.049350420630352984,0.04585687639126688,0.08481087841532774,0.010495684926147202
gradient_boosting|standardization|none|pre=disparate-impact-remover|tune=random|post=calibrate_equalized_odds,3,0.7450024875174576,0.7692814473459636,0.9115097269603707,0.8332719684627996,-0.05237314237314239,0.011726450646676248,-0.02589602725871069,0.07617534970181934,-0.0518840824036699,0.013684146111695304,0.027160605061720113,0.0508548465263047,0.010354654140529638,0.09708236175168382,0.07916659848012819,0.07666001192798994,0.04652432891589292,0.12584068824211594
gradient_boosting|standardization|none|pre=disparate-impact-remover|tune=random|post=reject_option_classification,3,0.7360144575713438,0.8571105619740713,0.7471662815010455,0.7981193625541855,0.016982646982646992,0.039753115500218796,-0.07293986546276243,0.010964793692706911,0.05989515555364113,0.03115514350590997,0.0099233007968831,0.041154129944827166,0.02752711817598933,0.020143760254169255,0.04683035218341565,0.017771384364379385,0.05982238815469645,0.018128314531791617
logistic_regression|standardization|one-hot|pre=disparate-impact-remover|tune=none|post=none,3,0.7400184615753478,0.7957105962806662,0.8457442255725517,0.819937312725318,-0.026474096474096487,-0.0009480993912000709,-0.05911706340701328,0.010192521840650356,-0.0003251852483669622,0.025231606479074152,0.016350249025286492,0.02108434999953319,0.017782374502789525,0.006174897956921386,0.03272582289107079,0.03659890896269318,0.047207505220225064,0.008814935328399488
logistic_regression|standardization|one-hot|pre=disparate-impact-remover|tune=none|post=calibrate_equalized_odds,3,0.7350224475972978,0.7756222428308096,0.8743443013829281,0.821823275881958,-0.05888881888881892,-0.026705675148775827,-0.04932585902093134,0.002271573894625937,-0.04422508891334775,0.020839473057438065,0.004428154925126932,0.03609528342027566,0.01753541788471972,0.08320664330464762,0.08331557164035183,0.07560163427741265,0.050222133683858756,0.1082402735276167
logistic_regression|standardization|one-hot|pre=disparate-impact-remover|tune=none|post=reject_option_classification,3,0.704003404602207,0.8690413618142573,0.6799885061687637,0.7628510339042176,-0.011701701701701725,0.040143067003357645,-0.02613920195193235,0.04868492939433692,0.012362467123718962,0.009479226258789511,0.019955659007191772,0.007290729177857761,0.004968702657578744,0.0329095674170365,0.0578905060606053,0.038775134708839684,0.0367406341849914,0.042589471257610235
logistic_regression|standardization|one-hot|pre=disparate-impact-remover|tune=random|post=none,3,0.7260374146601691,0.8054440029840487,0.8116295562647494,0.8028626783606584,0.0015466515466515673,0.03324256485778062,-0.05049617609421797,0.01855755659400027,0.031018894036216254,0.03707481045099791,0.04391507205849849,0.12201054141824044,0.04609131273198478,0.039073907154345514,0.07169657871290641,0.017459736013508042,0.07666286620609157,0.02891455413165958
logistic_regression|standardization|one-hot|pre=disparate-impact-remover|tune=random|post=calibrate_equalized_odds,3,0.7070543597489705,0.758408168935235,0.8544624188401012,0.801153768366785,0.07724542724542723,0.07825519112040687,-0.09087151742462685,0.02525267260563287,0.10084872282905345,0.048235957151233314,0.011141517457167292,0.10714293521173929,0.047432844311167656,0.2881130929920023,0.22814002661019855,0.1366644084799117,0.06626173900713746,0.3404595376318577
logistic_regression|standardization|one-hot|pre=disparate-impact-remover|tune=random|post=reject_option_classification,3,0.7110343876810944,0.8622235781049484,0.7015394397368646,0.7712826603325414,-0.0035660135660135484,0.04046234069557164,-0.0389168498277385,0.03397971880189421,0.026070409047620962,0.029818433309612615,0.028360663993286572,0.07452081121038913,0.03665263240972298,0.044450070099109944,0.09429722546372546,0.029666896561514333,0.05815509189318208,0.05934858410504663
random_forest|standardization|one-hot|pre=disparate-impact-remover|tune=none|post=none,3,0.7620105135075196,0.7796459655452462,0.9200139393272441,0.844020454337897,-0.02897862897862898,-0.0063535319153354974,-0.0625681185951699,-0.0032773437908694505,-0.0049184389808053135,0.01180097662259986,0.004839186675506807,0.013657658695945676,0.008351825943049299,0.005703536244350421,0.032391316721148956,0.04748277727978194,0.06255748768528971,0.019573030160369587
random_forest|standardization|one-hot|pre=disparate-impact-remover|tune=none|post=calibrate_equalized_odds,3,0.7329874784964606,0.7443606685858731,0.9443343971240967,0.8320024486718566,-0.11159355159355162,-0.041138885450689035,-0.02059022292603981,0.05031742414951571,-0.12680309019136815,0.01125206937424048,0.021653426780603776,0.02982284073418003,0.0017022665082003527,0.08510800288925749,0.06295636807891124,0.08996745411765276,0.05328672727580084,0.13047233809172176
random_forest|standardization|one-hot|pre=disparate-impact-remover|tune=none|post=reject_option_classification,3,0.7380164595733457,0.8498824306772241,0.7614602056662143,0.8024703345689778,-0.009658889658889688,0.0033660783275248907,-0.0768551958542008,-0.006852065380985197,0.037480427679464974,0.01433327153176696,0.025216130199344433,0.039327375321532486,0.01462760656491762,0.042468759229608105,0.10833341236655723,0.036409212498352626,0.08511451144948767,0.045114335264836
random_forest|standardization|one-hot|pre=disparate-impact-remover|tune=random|post=none,3,0.7520005034975096,0.7641822020995518,0.9372057762615703,0.8409824456799225,-0.026347606347606356,0.0007137597599266391,-0.05572235565097298,-0.013161018003375454,-0.008592621034548276,0.013520546578687388,0.026391919898862158,0.04485607888312488,0.006979228364888027,0.05171614766324325,0.01353643657176345,0.0430105152395204,0.11624220363502424,0.05341384314444822
random_forest|standardization|one-hot|pre=disparate-impact-remover|tune=random|post=calibrate_equalized_odds,3,0.7289834744924565,0.7393338409754292,0.9529425430712984,0.831217430961586,-0.0820895020895021,-0.0216347250885582,-0.029089112578208638,0.1321356605130637,-0.09227348649136043,0.0207429500211067,0.0354995483609016,0.0524778952827839,0.006321645593211671,0.039629390854072834,0.02839091179666908,0.07245859167416477,0.1559730364052187,0.07178285993432727
random_forest|standardization|one-hot|pre=disparate-impact-remover|tune=random|post=reject_option_classification,3,0.7539965114815415,0.8461470601208593,0.792823691965323,0.8177070702515071,-0.02183708183708181,-0.007457197569627705,-0.07419166391219449,-0.009528192776172359,0.025401261864940506,0.03765891720640571,0.011103175097326208,0.0634155059292699,0.03503385488043456,0.020218614741251584,0.06525470815101528,0.02264842111851575,0.06492322003429819,0.022570858500082207
gradient_boosting|standardization|one-hot|pre=disparate-impact-remover|tune=none|post=none,3,0.7430244615873359,0.7908884054862791,0.8600381497377206,0.8239792483932328,-0.03301126301126304,-0.03782266628327228,-0.08507507829329557,-0.04433606700292866,0.0068631310693822905,0.04574180110753038,0.026419202788235535,0.03963561419107009,0.032258171281335485,0.04615137811735396,0.03173683922375603,0.05286357030024529,0.029527005778260902,0.0354668570788872
gradient_boosting|standardization|one-hot|pre=disparate-impact-remover|tune=none|post=calibrate_equalized_odds,3,0.7310184435932939,0.76981012067204,0.8786300331364708,0.8201751920013454,-0.0701129801129801,-0.05688832284892886,-0.06555155436986378,-0.04018546332718572,-0.048764055948057196,0.020922228554167113,0.0026410775375184056,0.04794057182080985,0.019220198201149178,0.06076154349171797,0.02024488821757527,0.08269835720494977,0.020076249166513304,0.086354493565927
gradient_boosting|standardization|one-hot|pre=disparate-impact-remover|tune=none|post=reject_option_classification,3,0.7020103936271601,0.8630911280664627,0.6871476957313867,0.7530762397026093,-0.01623420623420624,0.015279710888091177,-0.04415292310029151,0.012444998148863351,0.01625892239613831,0.10399388104023194,0.02469038732628726,0.19530099844871768,0.11604256580092924,0.029366620982235768,0.06001858969338837,0.07710093363052115,0.05858221698762857,0.04116492368309299
gradient_boosting|standardization|one-hot|pre=disparate-impact-remover|tune=random|post=none,3,0.7540055025084965,0.7859240961333994,0.891456659697003,0.8352859780390632,-0.038782278782278766,-0.010094168785018823,-0.05555009205982083,0.004557597172298015,-0.014749519536001602,0.02155438527497174,0.012693767187453749,0.024179711153797172,0.01521516684492899,0.034797765000362975,0.00960527728785589,0.03894932531530476,0.03148845364292739,0.01962455468674321
gradient_boosting|standardization|one-hot|pre=disparate-impact-remover|tune=random|post=calibrate_equalized_odds,3,0.7440074805344267,0.7659383100328102,0.914346502329335,0.8331663142564144,-0.0811200011200011,-0.042733057673907705,-0.044813693040861836,-0.010898910012494415,-0.07163309051932715,0.006478332847356209,0.011135743899269345,0.03709987713721842,0.00918848844806596,0.04563984353092982,0.032181155705587314,0.07639028820508857,0.044517174916193065,0.07969929206705324
gradient_boosting|standardization|one-hot|pre=disparate-impact-remover|tune=random|post=reject_option_classification,3,0.7300114485743228,0.8639738460876671,0.7285866255823338,0.7903041808191665,-0.014985544985544977,0.010024520679859816,-0.061526771287615856,0.00980203241720983,0.026230877828016655,0.037375102457510925,0.0166255936083848,0.043896099862938305,0.03265008165288533,0.018189803410022434,0.05351532541391565,0.04409362939335512,0.0314823911755175,0.04189913105754225
logistic_regression|standardization|label|pre=disparate-impact-remover|tune=none|post=none,3,0.7419934904964846,0.7886816255345886,0.8628749251066847,0.8240055232012146,-0.03560693560693562,-0.010422662466168816,-0.05856844466395028,0.0005020877079580655,-0.007394676459169719,0.018879332623566728,0.015864661687028492,0.018489208308380363,0.012642703276963825,0.025294105232501852,0.028250851065546954,0.026601683408446406,0.05693982174680286,0.014043893013554548
logistic_regression|standardization|label|pre=disparate-impact-remover|tune=none|post=calibrate_equalized_odds,3,0.7379984775194356,0.7709824999875149,0.8914811146570804,0.8264060628945539,-0.07588182588182586,-0.043566601860108224,-0.05017851143487732,-0.013021651313462132,-0.05915442860899902,0.004693508403404189,0.01706021843699166,0.032140481943746003,0.00536113190901796,0.057119836680532644,0.0745882550527025,0.05981885056402231,0.07866679369436576,0.08448986348777579
logistic_regression|standardization|label|pre=disparate-impact-remover|tune=none|post=reject_option_classification,3,0.7310004615393838,0.8651263222309642,0.7299927857867772,0.7915099050728038,0.023891653891653892,0.09530698528534672,-0.02108088327013191,0.07831921227658516,0.04222773212168881,0.004522203531811366,0.014716550265739408,0.02400686583603276,0.008192557459828918,0.014424349991047707,0.06921312592901327,0.01353517059207978,0.07147198307860497,0.014198375589237571
logistic_regression|standardization|label|pre=disparate-impact-remover|tune=random|post=none,3,0.699010387633142,0.8607506123635155,0.6800190748688603,0.7597616029659743,-0.015012705012705019,0.04046627883772569,-0.022386326852480248,0.0519099322319631,0.008214385779270644,0.011717075603442966,0.008324373182519421,0.012334303439558963,0.010191736669619426,0.05695870380760901,0.120242636269555,0.02941814826122313,0.09633297429160004,0.061381911448948764
logistic_regression|standardization|label|pre=disparate-impact-remover|tune=random|post=calibrate_equalized_odds,3,0.6800483117848387,0.8239252155381188,0.6971130919628773,0.7537703175629242,0.12832062832062832,0.10713294550439234,-0.10308808123844515,-0.10859598372070928,0.17071438577927064,0.04250745916545886,0.06735128651981802,0.01854757181970154,0.019672611589885754,0.29450337133449717,0.23571261762654525,0.14242447262043664,0.19555386814014486,0.32934802646661826
logistic_regression|standardization|label|pre=disparate-impact-remover|tune=random|post=reject_option_classification,3,0.7219944495393597,0.8691066066066065,0.7099825147035448,0.7814441629921506,0.008298648298648311,0.06707344780714415,-0.03025068972706557,0.05700700702988363,0.03424116441110552,0.011557531794506694,0.01629747429754965,0.010599897646066078,0.008533030631862412,0.020235056436625248,0.07564061312667104,0.012292883210373457,0.08078398313489878,0.012294178111491208
random_forest|standardization|label|pre=disparate-impact-remover|tune=none|post=none,3,0.7580095065125004,0.7879808411914384,0.8957362777105266,0.838337866044669,-0.01691509691509696,0.040869330583896156,-0.033748119259139085,0.08124374044475229,-0.007033388315656734,0.031138128372567225,0.024181599369718216,0.01711330516401359,0.01958947547251859,0.047064860276103335,0.032318276418150584,0.03747696056256295,0.06458476699600534,0.034154329049550194
random_forest|standardization|label|pre=disparate-impact-remover|tune=none|post=calibrate_equalized_odds,3,0.7500104895314476,0.7705911536512451,0.9157648900138171,0.8366928179601523,-0.05554064554064556,0.01220771442227997,-0.02218139327276007,0.0733339849622146,-0.058848612790418385,0.013892211259710732,0.008859557933243964,0.03134544736608437,0.011632231897801912,0.049840227519327984,0.04107419977312819,0.05790236501912538,0.02706679825766484,0.06254436378535608
random_forest|standardization|label|pre=disparate-impact-remover|tune=none|post=reject_option_classification,3,0.7409745074415733,0.8710150331442489,0.741358228482692,0.7971138738587977,-0.00841638841638844,0.030347958453073958,-0.05399859791567659,0.025472263873918505,0.030572427427450668,0.05700152349843342,0.015023830433903616,0.1114823839288191,0.06206053354202857,0.02914039813039551,0.06330161944260819,0.01748123735409472,0.06181717001087753,0.03194418784787921
random_forest|standardization|label|pre=disparate-impact-remover|tune=random|post=none,3,0.7389874904844964,0.8018376685043352,0.8427668341831432,0.8173975985411851,-0.017738787738787714,0.020586082910855768,-0.04637314689881803,0.056397446275948705,0.0012736193611552575,0.01238701302751899,0.04924262090427695,0.09821813134398835,0.025141053956849048,0.04663754680108149,0.05719343512636063,0.05170738597415469,0.04653801683389322,0.032428496922992184
random_forest|standardization|label|pre=disparate-impact-remover|tune=random|post=calibrate_equalized_odds,3,0.7439954924984865,0.799347584019117,0.8585036009928714,0.822479804726071,-0.0371974771974772,-0.0016361393113664506,-0.04704349326296864,0.03213651667383782,-0.017748119769279518,0.015514150099883297,0.051457102154183657,0.112903857022486,0.029480744938711674,0.03397042958883237,0.05427825286365369,0.05922408044301447,0.04731603810281628,0.045214518009763255
random_forest|standardization|label|pre=disparate-impact-remover|tune=random|post=reject_option_classification,3,0.7419785054515593,0.8716564137616768,0.7442378000317914,0.7983373659180439,-0.00574154574154571,0.030747650937674287,-0.04920339516482549,0.02739925286920684,0.03263902563615586,0.05013075607758786,0.027931620849291666,0.11323101207810905,0.057513123825916314,0.01814910794377262,0.03919411740336911,0.05908715073882744,0.03614383427420356,0.04797529108000472
gradient_boosting|standardization|label|pre=disparate-impact-remover|tune=none|post=none,3,0.7530284775793757,0.8058937563609009,0.8528850739151168,0.8286954567743269,-0.04455777455777454,-0.010907117101718211,-0.04892977581960375,0.016237438728204923,-0.021383387213211574,0.033399003220239164,0.026002550424230414,0.018983747543503102,0.022277877497389617,0.03609695829565415,0.03675730310769381,0.045350245864793366,0.05628788794832197,0.021175168319019323
gradient_boosting|standardization|label|pre=disparate-impact-remover|tune=none|post=calibrate_equalized_odds,3,0.7440284595973218,0.7889534733524503,0.8657544966557843,0.825536790433263,-0.06053914053914052,-0.021828834273435405,-0.04156517479029457,0.015318308872230688,-0.047266561522928685,0.02679425947817763,0.012948891105585617,0.027568051656170843,0.01954724197050171,0.06070337859943105,0.05366765320440748,0.06928482623438735,0.02655544071811738,0.06807230539283271
gradient_boosting|standardization|label|pre=disparate-impact-remover|tune=none|post=reject_option_classification,3,0.7380104655553757,0.8633529104968366,0.749990829389971,0.7952288321768332,0.0032801332801332683,0.024409847032384507,-0.06732057610135204,0.007040329895441418,0.04164399571749964,0.06519761410054632,0.03964343790232558,0.14602860956195277,0.0715766287638324,0.03183037307439217,0.037543402700772485,0.07670564741015609,0.028620810946122552,0.015353589180969419
gradient_boosting|standardization|label|pre=disparate-impact-remover|tune=random|post=none,3,0.7580095065125007,0.79081158809982,0.8943545724661605,0.8381843587026533,-0.026365596365596395,0.02119614761637319,-0.040837657648709946,0.06429291455921775,-0.008182426999700334,0.0340435251744502,0.041575777582463634,0.04513536879904428,0.019558104901920448,0.03488837795221087,0.049350420630352984,0.04585687639126688,0.08481087841532774,0.010495684926147202
gradient_boosting|standardization|label|pre=disparate-impact-remover|tune=random|post=calibrate_equalized_odds,3,0.7450024875174576,0.7692814473459636,0.9115097269603707,0.8332719684627996,-0.05237314237314239,0.011726450646676248,-0.02589602725871069,0.07617534970181934,-0.0518840824036699,0.013684146111695304,0.027160605061720113,0.0508548465263047,0.010354654140529638,0.09708236175168382,0.07916659848012819,0.07666001192798994,0.04652432891589292,0.12584068824211594
gradient_boosting|standardization|label|pre=disparate-impact-remover|tune=random|post=reject_option_classification,3,0.7360144575713438,0.8571105619740713,0.7471662815010455,0.7981193625541855,0.016982646982646992,0.039753115500218796,-0.07293986546276243,0.010964793692706911,0.05989515555364113,0.03115514350590997,0.0099233007968831,0.041154129944827166,0.02752711817598933,0.020143760254169255,0.04683035218341565,0.017771384364379385,0.05982238815469645,0.018128314531791617
